<ImportExportXml version="9.2.24123.230" SolutionPackageVersion="9.2" languagecode="1033" generatedBy="CrmLive" xmlns:xsi="http://www.w3.org/2001/XMLSchema-instance" OrganizationVersion="9.2.24123.230" OrganizationSchemaType="Full" CRMServerServiceabilityVersion="9.2.24123.00230">
  <SolutionManifest>
    <UniqueName>SolutionDev</UniqueName>
    <LocalizedNames>
      <LocalizedName description="Solution Dev" languagecode="1033" />
    </LocalizedNames>
    <Descriptions />
    <Version>1.0.0.1</Version>
    <Managed>1</Managed>
    <Publisher>
      <UniqueName>Devmariam</UniqueName>
      <LocalizedNames>
        <LocalizedName description="Devmariam" languagecode="1033" />
      </LocalizedNames>
      <Descriptions />
      <EMailAddress xsi:nil="true"></EMailAddress>
      <SupportingWebsiteUrl xsi:nil="true"></SupportingWebsiteUrl>
      <CustomizationPrefix>mara</CustomizationPrefix>
      <CustomizationOptionValuePrefix>28979</CustomizationOptionValuePrefix>
      <Addresses>
        <Address>
          <AddressNumber>1</AddressNumber>
          <AddressTypeCode>1</AddressTypeCode>
          <City xsi:nil="true"></City>
          <County xsi:nil="true"></County>
          <Country xsi:nil="true"></Country>
          <Fax xsi:nil="true"></Fax>
          <FreightTermsCode xsi:nil="true"></FreightTermsCode>
          <ImportSequenceNumber xsi:nil="true"></ImportSequenceNumber>
          <Latitude xsi:nil="true"></Latitude>
          <Line1 xsi:nil="true"></Line1>
          <Line2 xsi:nil="true"></Line2>
          <Line3 xsi:nil="true"></Line3>
          <Longitude xsi:nil="true"></Longitude>
          <Name xsi:nil="true"></Name>
          <PostalCode xsi:nil="true"></PostalCode>
          <PostOfficeBox xsi:nil="true"></PostOfficeBox>
          <PrimaryContactName xsi:nil="true"></PrimaryContactName>
          <ShippingMethodCode>1</ShippingMethodCode>
          <StateOrProvince xsi:nil="true"></StateOrProvince>
          <Telephone1 xsi:nil="true"></Telephone1>
          <Telephone2 xsi:nil="true"></Telephone2>
          <Telephone3 xsi:nil="true"></Telephone3>
          <TimeZoneRuleVersionNumber xsi:nil="true"></TimeZoneRuleVersionNumber>
          <UPSZone xsi:nil="true"></UPSZone>
          <UTCOffset xsi:nil="true"></UTCOffset>
          <UTCConversionTimeZoneCode xsi:nil="true"></UTCConversionTimeZoneCode>
        </Address>
        <Address>
          <AddressNumber>2</AddressNumber>
          <AddressTypeCode>1</AddressTypeCode>
          <City xsi:nil="true"></City>
          <County xsi:nil="true"></County>
          <Country xsi:nil="true"></Country>
          <Fax xsi:nil="true"></Fax>
          <FreightTermsCode xsi:nil="true"></FreightTermsCode>
          <ImportSequenceNumber xsi:nil="true"></ImportSequenceNumber>
          <Latitude xsi:nil="true"></Latitude>
          <Line1 xsi:nil="true"></Line1>
          <Line2 xsi:nil="true"></Line2>
          <Line3 xsi:nil="true"></Line3>
          <Longitude xsi:nil="true"></Longitude>
          <Name xsi:nil="true"></Name>
          <PostalCode xsi:nil="true"></PostalCode>
          <PostOfficeBox xsi:nil="true"></PostOfficeBox>
          <PrimaryContactName xsi:nil="true"></PrimaryContactName>
          <ShippingMethodCode>1</ShippingMethodCode>
          <StateOrProvince xsi:nil="true"></StateOrProvince>
          <Telephone1 xsi:nil="true"></Telephone1>
          <Telephone2 xsi:nil="true"></Telephone2>
          <Telephone3 xsi:nil="true"></Telephone3>
          <TimeZoneRuleVersionNumber xsi:nil="true"></TimeZoneRuleVersionNumber>
          <UPSZone xsi:nil="true"></UPSZone>
          <UTCOffset xsi:nil="true"></UTCOffset>
          <UTCConversionTimeZoneCode xsi:nil="true"></UTCConversionTimeZoneCode>
        </Address>
      </Addresses>
    </Publisher>
    <RootComponents>
      <RootComponent type="1" schemaName="mara_ordermanagementprocess" behavior="0" />
      <RootComponent type="1" schemaName="orderclose" behavior="0" />
      <RootComponent type="1" schemaName="salesorder" behavior="0" />
      <RootComponent type="1" schemaName="salesorderdetail" behavior="0" />
      <RootComponent type="29" id="{ac3bd41c-f4db-ef11-8eea-000d3a69d6aa}" behavior="0" />
      <RootComponent type="29" id="{db920bde-f7db-ef11-8eea-000d3a69d6aa}" behavior="0" />
      <RootComponent type="60" id="{d4f40772-073e-e711-80e1-00155d871bb4}" />
      <RootComponent type="62" schemaName="mara_OrderManagement" behavior="0" />
      <RootComponent type="80" schemaName="mara_OrderManagement" behavior="0" />
    </RootComponents>
    <MissingDependencies>
      <MissingDependency>
        <Required type="1" schemaName="leadtoopportunitysalesprocess" displayName="Lead To Opportunity Sales Process" solution="msdynce_Sales (9.0.4.0076)">
          <package appName="msdynce_Sales" version="9.0.24114.10004">msdynce_SalesAnchor (9.0.24114.10004)</package>
        </Required>
        <Dependent type="1" schemaName="salesorder" displayName="Order" />
      </MissingDependency>
      <MissingDependency>
        <Required type="1" schemaName="orderclose" displayName="Order Close" solution="msdynce_Sales (9.0.4.0076)">
          <package appName="msdynce_Sales" version="9.0.24114.10004">msdynce_SalesAnchor (9.0.24114.10004)</package>
        </Required>
        <Dependent type="1" schemaName="orderclose" displayName="Order Close" />
      </MissingDependency>
      <MissingDependency>
        <Required type="1" schemaName="salesorder" displayName="Order" solution="msdynce_Sales (9.0.4.0076)">
          <package appName="msdynce_Sales" version="9.0.24114.10004">msdynce_SalesAnchor (9.0.24114.10004)</package>
        </Required>
        <Dependent type="1" schemaName="salesorder" displayName="Order" />
      </MissingDependency>
      <MissingDependency>
        <Required type="1" schemaName="salesorderdetail" displayName="Order Product" solution="msdynce_Sales (9.0.4.0076)">
          <package appName="msdynce_Sales" version="9.0.24114.10004">msdynce_SalesAnchor (9.0.24114.10004)</package>
        </Required>
        <Dependent type="1" schemaName="salesorderdetail" displayName="Order Product" />
      </MissingDependency>
      <MissingDependency>
        <Required type="1" schemaName="salesorderdetail" displayName="Order Product" solution="msdynce_Sales (9.0.4.0076)">
          <package appName="msdynce_Sales" version="9.0.24114.10004">msdynce_SalesAnchor (9.0.24114.10004)</package>
        </Required>
        <Dependent type="60" displayName="Order" parentDisplayName="Order" id="{d598792c-3ff0-43f3-b3e3-bbd70b99e1a5}" />
      </MissingDependency>
      <MissingDependency>
        <Required type="1" schemaName="salesorderdetail" displayName="Order Product" solution="msdynce_Sales (9.0.4.0076)">
          <package appName="msdynce_Sales" version="9.0.24114.10004">msdynce_SalesAnchor (9.0.24114.10004)</package>
        </Required>
        <Dependent type="60" displayName="Order Management" parentDisplayName="Order" id="{f68a90d6-f2db-ef11-8eea-000d3a69d6aa}" />
      </MissingDependency>
      <MissingDependency>
        <Required type="1" schemaName="salesorderdetail" displayName="Order Product" solution="msdynce_Sales (9.0.4.0076)">
          <package appName="msdynce_Sales" version="9.0.24114.10004">msdynce_SalesAnchor (9.0.24114.10004)</package>
        </Required>
        <Dependent type="62" schemaName="mara_OrderManagement" />
      </MissingDependency>
      <MissingDependency>
        <Required type="1" schemaName="salesorderdetail" displayName="Order Product" solution="msdynce_Sales (9.0.4.0076)">
          <package appName="msdynce_Sales" version="9.0.24114.10004">msdynce_SalesAnchor (9.0.24114.10004)</package>
        </Required>
        <Dependent type="80" schemaName="mara_OrderManagement" displayName="Order Management" />
      </MissingDependency>
      <MissingDependency>
        <Required type="2" schemaName="bcc" displayName="BCC" parentSchemaName="orderclose" parentDisplayName="Order Close" solution="msdynce_Sales (9.0.4.0076)">
          <package appName="msdynce_Sales" version="9.0.24114.10004">msdynce_SalesAnchor (9.0.24114.10004)</package>
        </Required>
        <Dependent type="2" schemaName="bcc" displayName="BCC" parentSchemaName="orderclose" parentDisplayName="Order Close" />
      </MissingDependency>
      <MissingDependency>
        <Required type="2" schemaName="cc" displayName="CC" parentSchemaName="orderclose" parentDisplayName="Order Close" solution="msdynce_Sales (9.0.4.0076)">
          <package appName="msdynce_Sales" version="9.0.24114.10004">msdynce_SalesAnchor (9.0.24114.10004)</package>
        </Required>
        <Dependent type="2" schemaName="cc" displayName="CC" parentSchemaName="orderclose" parentDisplayName="Order Close" />
      </MissingDependency>
      <MissingDependency>
        <Required type="2" schemaName="from" displayName="From" parentSchemaName="orderclose" parentDisplayName="Order Close" solution="msdynce_Sales (9.0.4.0076)">
          <package appName="msdynce_Sales" version="9.0.24114.10004">msdynce_SalesAnchor (9.0.24114.10004)</package>
        </Required>
        <Dependent type="2" schemaName="from" displayName="From" parentSchemaName="orderclose" parentDisplayName="Order Close" />
      </MissingDependency>
      <MissingDependency>
        <Required type="2" schemaName="optionalattendees" displayName="Optional Attendees" parentSchemaName="orderclose" parentDisplayName="Order Close" solution="msdynce_Sales (9.0.4.0076)">
          <package appName="msdynce_Sales" version="9.0.24114.10004">msdynce_SalesAnchor (9.0.24114.10004)</package>
        </Required>
        <Dependent type="2" schemaName="optionalattendees" displayName="Optional Attendees" parentSchemaName="orderclose" parentDisplayName="Order Close" />
      </MissingDependency>
      <MissingDependency>
        <Required type="2" schemaName="requiredattendees" displayName="Required Attendees" parentSchemaName="orderclose" parentDisplayName="Order Close" solution="msdynce_Sales (9.0.4.0076)">
          <package appName="msdynce_Sales" version="9.0.24114.10004">msdynce_SalesAnchor (9.0.24114.10004)</package>
        </Required>
        <Dependent type="2" schemaName="requiredattendees" displayName="Required Attendees" parentSchemaName="orderclose" parentDisplayName="Order Close" />
      </MissingDependency>
      <MissingDependency>
        <Required type="2" schemaName="resources" displayName="Resources" parentSchemaName="orderclose" parentDisplayName="Order Close" solution="msdynce_Sales (9.0.4.0076)">
          <package appName="msdynce_Sales" version="9.0.24114.10004">msdynce_SalesAnchor (9.0.24114.10004)</package>
        </Required>
        <Dependent type="2" schemaName="resources" displayName="Resources" parentSchemaName="orderclose" parentDisplayName="Order Close" />
      </MissingDependency>
      <MissingDependency>
        <Required type="2" schemaName="to" displayName="To" parentSchemaName="orderclose" parentDisplayName="Order Close" solution="msdynce_Sales (9.0.4.0076)">
          <package appName="msdynce_Sales" version="9.0.24114.10004">msdynce_SalesAnchor (9.0.24114.10004)</package>
        </Required>
        <Dependent type="2" schemaName="to" displayName="To" parentSchemaName="orderclose" parentDisplayName="Order Close" />
      </MissingDependency>
      <MissingDependency>
        <Required type="2" schemaName="billto_city" displayName="Bill To City" parentSchemaName="salesorder" parentDisplayName="Order" solution="msdynce_Sales (9.0.4.0076)">
          <package appName="msdynce_Sales" version="9.0.24114.10004">msdynce_SalesAnchor (9.0.24114.10004)</package>
        </Required>
        <Dependent type="60" displayName="Information" parentDisplayName="Order" id="{22a3f7f7-2709-4bb4-bbca-754475938d68}" />
      </MissingDependency>
      <MissingDependency>
        <Required type="2" schemaName="billto_composite" displayName="Bill To Address" parentSchemaName="salesorder" parentDisplayName="Order" solution="msdynce_Sales (9.0.4.0076)">
          <package appName="msdynce_Sales" version="9.0.24114.10004">msdynce_SalesAnchor (9.0.24114.10004)</package>
        </Required>
        <Dependent type="60" displayName="Order" parentDisplayName="Order" id="{d598792c-3ff0-43f3-b3e3-bbd70b99e1a5}" />
      </MissingDependency>
      <MissingDependency>
        <Required type="2" schemaName="billto_contactname" displayName="Bill To Contact Name" parentSchemaName="salesorder" parentDisplayName="Order" solution="msdynce_Sales (9.0.4.0076)">
          <package appName="msdynce_Sales" version="9.0.24114.10004">msdynce_SalesAnchor (9.0.24114.10004)</package>
        </Required>
        <Dependent type="60" displayName="Information" parentDisplayName="Order" id="{22a3f7f7-2709-4bb4-bbca-754475938d68}" />
      </MissingDependency>
      <MissingDependency>
        <Required type="2" schemaName="billto_country" displayName="Bill To Country/Region" parentSchemaName="salesorder" parentDisplayName="Order" solution="msdynce_Sales (9.0.4.0076)">
          <package appName="msdynce_Sales" version="9.0.24114.10004">msdynce_SalesAnchor (9.0.24114.10004)</package>
        </Required>
        <Dependent type="60" displayName="Information" parentDisplayName="Order" id="{22a3f7f7-2709-4bb4-bbca-754475938d68}" />
      </MissingDependency>
      <MissingDependency>
        <Required type="2" schemaName="billto_fax" displayName="Bill To Fax" parentSchemaName="salesorder" parentDisplayName="Order" solution="msdynce_Sales (9.0.4.0076)">
          <package appName="msdynce_Sales" version="9.0.24114.10004">msdynce_SalesAnchor (9.0.24114.10004)</package>
        </Required>
        <Dependent type="60" displayName="Information" parentDisplayName="Order" id="{22a3f7f7-2709-4bb4-bbca-754475938d68}" />
      </MissingDependency>
      <MissingDependency>
        <Required type="2" schemaName="billto_line1" displayName="Bill To Street 1" parentSchemaName="salesorder" parentDisplayName="Order" solution="msdynce_Sales (9.0.4.0076)">
          <package appName="msdynce_Sales" version="9.0.24114.10004">msdynce_SalesAnchor (9.0.24114.10004)</package>
        </Required>
        <Dependent type="60" displayName="Information" parentDisplayName="Order" id="{22a3f7f7-2709-4bb4-bbca-754475938d68}" />
      </MissingDependency>
      <MissingDependency>
        <Required type="2" schemaName="billto_line2" displayName="Bill To Street 2" parentSchemaName="salesorder" parentDisplayName="Order" solution="msdynce_Sales (9.0.4.0076)">
          <package appName="msdynce_Sales" version="9.0.24114.10004">msdynce_SalesAnchor (9.0.24114.10004)</package>
        </Required>
        <Dependent type="60" displayName="Information" parentDisplayName="Order" id="{22a3f7f7-2709-4bb4-bbca-754475938d68}" />
      </MissingDependency>
      <MissingDependency>
        <Required type="2" schemaName="billto_line3" displayName="Bill To Street 3" parentSchemaName="salesorder" parentDisplayName="Order" solution="msdynce_Sales (9.0.4.0076)">
          <package appName="msdynce_Sales" version="9.0.24114.10004">msdynce_SalesAnchor (9.0.24114.10004)</package>
        </Required>
        <Dependent type="60" displayName="Information" parentDisplayName="Order" id="{22a3f7f7-2709-4bb4-bbca-754475938d68}" />
      </MissingDependency>
      <MissingDependency>
        <Required type="2" schemaName="billto_name" displayName="Bill To Name" parentSchemaName="salesorder" parentDisplayName="Order" solution="msdynce_Sales (9.0.4.0076)">
          <package appName="msdynce_Sales" version="9.0.24114.10004">msdynce_SalesAnchor (9.0.24114.10004)</package>
        </Required>
        <Dependent type="60" displayName="Information" parentDisplayName="Order" id="{22a3f7f7-2709-4bb4-bbca-754475938d68}" />
      </MissingDependency>
      <MissingDependency>
        <Required type="2" schemaName="billto_postalcode" displayName="Bill To ZIP/Postal Code" parentSchemaName="salesorder" parentDisplayName="Order" solution="msdynce_Sales (9.0.4.0076)">
          <package appName="msdynce_Sales" version="9.0.24114.10004">msdynce_SalesAnchor (9.0.24114.10004)</package>
        </Required>
        <Dependent type="60" displayName="Information" parentDisplayName="Order" id="{22a3f7f7-2709-4bb4-bbca-754475938d68}" />
      </MissingDependency>
      <MissingDependency>
        <Required type="2" schemaName="billto_stateorprovince" displayName="Bill To State/Province" parentSchemaName="salesorder" parentDisplayName="Order" solution="msdynce_Sales (9.0.4.0076)">
          <package appName="msdynce_Sales" version="9.0.24114.10004">msdynce_SalesAnchor (9.0.24114.10004)</package>
        </Required>
        <Dependent type="60" displayName="Information" parentDisplayName="Order" id="{22a3f7f7-2709-4bb4-bbca-754475938d68}" />
      </MissingDependency>
      <MissingDependency>
        <Required type="2" schemaName="billto_telephone" displayName="Bill To Phone" parentSchemaName="salesorder" parentDisplayName="Order" solution="msdynce_Sales (9.0.4.0076)">
          <package appName="msdynce_Sales" version="9.0.24114.10004">msdynce_SalesAnchor (9.0.24114.10004)</package>
        </Required>
        <Dependent type="60" displayName="Information" parentDisplayName="Order" id="{22a3f7f7-2709-4bb4-bbca-754475938d68}" />
      </MissingDependency>
      <MissingDependency>
        <Required type="2" schemaName="campaignid" displayName="Source Campaign" parentSchemaName="salesorder" parentDisplayName="Order" solution="msdynce_MarketingSales (9.0.4.29)">
          <package appName="msdynce_MarketingSales" version="9.0.24123.10001">msdynce_MarketingSalesAnchor (9.0.24123.10001)</package>
        </Required>
        <Dependent type="60" displayName="Information" parentDisplayName="Order" id="{22a3f7f7-2709-4bb4-bbca-754475938d68}" />
      </MissingDependency>
      <MissingDependency>
        <Required type="2" schemaName="createdon" displayName="Created On" parentSchemaName="salesorder" parentDisplayName="Order" solution="msdynce_Sales (9.0.4.0076)">
          <package appName="msdynce_Sales" version="9.0.24114.10004">msdynce_SalesAnchor (9.0.24114.10004)</package>
        </Required>
        <Dependent type="29" displayName="New business rule" id="{ac3bd41c-f4db-ef11-8eea-000d3a69d6aa}" />
      </MissingDependency>
      <MissingDependency>
        <Required type="2" schemaName="createdon" displayName="Created On" parentSchemaName="salesorder" parentDisplayName="Order" solution="msdynce_Sales (9.0.4.0076)">
          <package appName="msdynce_Sales" version="9.0.24114.10004">msdynce_SalesAnchor (9.0.24114.10004)</package>
        </Required>
        <Dependent type="60" displayName="Orders Dashboard" parentDisplayName="Order" id="{d4f40772-073e-e711-80e1-00155d871bb4}" />
      </MissingDependency>
      <MissingDependency>
        <Required type="2" schemaName="createdon" displayName="Created On" parentSchemaName="salesorder" parentDisplayName="Order" solution="msdynce_Sales (9.0.4.0076)">
          <package appName="msdynce_Sales" version="9.0.24114.10004">msdynce_SalesAnchor (9.0.24114.10004)</package>
        </Required>
        <Dependent type="60" displayName="Order Management" parentDisplayName="Order" id="{f68a90d6-f2db-ef11-8eea-000d3a69d6aa}" />
      </MissingDependency>
      <MissingDependency>
        <Required type="2" schemaName="customerid" displayName="Customer" parentSchemaName="salesorder" parentDisplayName="Order" solution="msdynce_Sales (9.0.4.0076)">
          <package appName="msdynce_Sales" version="9.0.24114.10004">msdynce_SalesAnchor (9.0.24114.10004)</package>
        </Required>
        <Dependent type="26" schemaName="Orders I Follow" displayName="Orders I Follow" parentSchemaName="salesorder" parentDisplayName="Order" id="{95b7502b-5f90-e011-95ae-00155d9cfa02}" />
      </MissingDependency>
      <MissingDependency>
        <Required type="2" schemaName="customerid" displayName="Customer" parentSchemaName="salesorder" parentDisplayName="Order" solution="msdynce_Sales (9.0.4.0076)">
          <package appName="msdynce_Sales" version="9.0.24114.10004">msdynce_SalesAnchor (9.0.24114.10004)</package>
        </Required>
        <Dependent type="26" schemaName="Orders Being Followed" displayName="Orders Being Followed" parentSchemaName="salesorder" parentDisplayName="Order" id="{95b7502b-5f90-e011-95ae-00155d9cfa03}" />
      </MissingDependency>
      <MissingDependency>
        <Required type="2" schemaName="customerid" displayName="Customer" parentSchemaName="salesorder" parentDisplayName="Order" solution="msdynce_Sales (9.0.4.0076)">
          <package appName="msdynce_Sales" version="9.0.24114.10004">msdynce_SalesAnchor (9.0.24114.10004)</package>
        </Required>
        <Dependent type="29" displayName="Order Management Process" id="{db920bde-f7db-ef11-8eea-000d3a69d6aa}" />
      </MissingDependency>
      <MissingDependency>
        <Required type="2" schemaName="customerid" displayName="Customer" parentSchemaName="salesorder" parentDisplayName="Order" solution="msdynce_Sales (9.0.4.0076)">
          <package appName="msdynce_Sales" version="9.0.24114.10004">msdynce_SalesAnchor (9.0.24114.10004)</package>
        </Required>
        <Dependent type="60" displayName="Information" parentDisplayName="Order Management Process" id="{04196887-547e-4500-add0-40aaa6c12819}" />
      </MissingDependency>
      <MissingDependency>
        <Required type="2" schemaName="customerid" displayName="Customer" parentSchemaName="salesorder" parentDisplayName="Order" solution="msdynce_Sales (9.0.4.0076)">
          <package appName="msdynce_Sales" version="9.0.24114.10004">msdynce_SalesAnchor (9.0.24114.10004)</package>
        </Required>
        <Dependent type="60" displayName="Information" parentDisplayName="Order" id="{22a3f7f7-2709-4bb4-bbca-754475938d68}" />
      </MissingDependency>
      <MissingDependency>
        <Required type="2" schemaName="customerid" displayName="Customer" parentSchemaName="salesorder" parentDisplayName="Order" solution="msdynce_Sales (9.0.4.0076)">
          <package appName="msdynce_Sales" version="9.0.24114.10004">msdynce_SalesAnchor (9.0.24114.10004)</package>
        </Required>
        <Dependent type="60" displayName="Order" parentDisplayName="Order" id="{d598792c-3ff0-43f3-b3e3-bbd70b99e1a5}" />
      </MissingDependency>
      <MissingDependency>
        <Required type="2" schemaName="customerid" displayName="Customer" parentSchemaName="salesorder" parentDisplayName="Order" solution="msdynce_Sales (9.0.4.0076)">
          <package appName="msdynce_Sales" version="9.0.24114.10004">msdynce_SalesAnchor (9.0.24114.10004)</package>
        </Required>
        <Dependent type="60" displayName="Order Management" parentDisplayName="Order" id="{f68a90d6-f2db-ef11-8eea-000d3a69d6aa}" />
      </MissingDependency>
      <MissingDependency>
        <Required type="2" schemaName="datefulfilled" displayName="Date Fulfilled" parentSchemaName="salesorder" parentDisplayName="Order" solution="msdynce_Sales (9.0.4.0076)">
          <package appName="msdynce_Sales" version="9.0.24114.10004">msdynce_SalesAnchor (9.0.24114.10004)</package>
        </Required>
        <Dependent type="60" displayName="Information" parentDisplayName="Order" id="{22a3f7f7-2709-4bb4-bbca-754475938d68}" />
      </MissingDependency>
      <MissingDependency>
        <Required type="2" schemaName="datefulfilled" displayName="Date Fulfilled" parentSchemaName="salesorder" parentDisplayName="Order" solution="msdynce_Sales (9.0.4.0076)">
          <package appName="msdynce_Sales" version="9.0.24114.10004">msdynce_SalesAnchor (9.0.24114.10004)</package>
        </Required>
        <Dependent type="60" displayName="Order" parentDisplayName="Order" id="{d598792c-3ff0-43f3-b3e3-bbd70b99e1a5}" />
      </MissingDependency>
      <MissingDependency>
        <Required type="2" schemaName="datefulfilled" displayName="Date Fulfilled" parentSchemaName="salesorder" parentDisplayName="Order" solution="msdynce_Sales (9.0.4.0076)">
          <package appName="msdynce_Sales" version="9.0.24114.10004">msdynce_SalesAnchor (9.0.24114.10004)</package>
        </Required>
        <Dependent type="60" displayName="Order Management" parentDisplayName="Order" id="{f68a90d6-f2db-ef11-8eea-000d3a69d6aa}" />
      </MissingDependency>
      <MissingDependency>
        <Required type="2" schemaName="description" displayName="Description" parentSchemaName="salesorder" parentDisplayName="Order" solution="msdynce_Sales (9.0.4.0076)">
          <package appName="msdynce_Sales" version="9.0.24114.10004">msdynce_SalesAnchor (9.0.24114.10004)</package>
        </Required>
        <Dependent type="29" displayName="Order Management Process" id="{db920bde-f7db-ef11-8eea-000d3a69d6aa}" />
      </MissingDependency>
      <MissingDependency>
        <Required type="2" schemaName="description" displayName="Description" parentSchemaName="salesorder" parentDisplayName="Order" solution="msdynce_Sales (9.0.4.0076)">
          <package appName="msdynce_Sales" version="9.0.24114.10004">msdynce_SalesAnchor (9.0.24114.10004)</package>
        </Required>
        <Dependent type="60" displayName="Information" parentDisplayName="Order Management Process" id="{04196887-547e-4500-add0-40aaa6c12819}" />
      </MissingDependency>
      <MissingDependency>
        <Required type="2" schemaName="description" displayName="Description" parentSchemaName="salesorder" parentDisplayName="Order" solution="msdynce_Sales (9.0.4.0076)">
          <package appName="msdynce_Sales" version="9.0.24114.10004">msdynce_SalesAnchor (9.0.24114.10004)</package>
        </Required>
        <Dependent type="60" displayName="Information" parentDisplayName="Order" id="{22a3f7f7-2709-4bb4-bbca-754475938d68}" />
      </MissingDependency>
      <MissingDependency>
        <Required type="2" schemaName="description" displayName="Description" parentSchemaName="salesorder" parentDisplayName="Order" solution="msdynce_Sales (9.0.4.0076)">
          <package appName="msdynce_Sales" version="9.0.24114.10004">msdynce_SalesAnchor (9.0.24114.10004)</package>
        </Required>
        <Dependent type="60" displayName="Order" parentDisplayName="Order" id="{d598792c-3ff0-43f3-b3e3-bbd70b99e1a5}" />
      </MissingDependency>
      <MissingDependency>
        <Required type="2" schemaName="description" displayName="Description" parentSchemaName="salesorder" parentDisplayName="Order" solution="msdynce_Sales (9.0.4.0076)">
          <package appName="msdynce_Sales" version="9.0.24114.10004">msdynce_SalesAnchor (9.0.24114.10004)</package>
        </Required>
        <Dependent type="60" displayName="Order Management" parentDisplayName="Order" id="{f68a90d6-f2db-ef11-8eea-000d3a69d6aa}" />
      </MissingDependency>
      <MissingDependency>
        <Required type="2" schemaName="discountamount" displayName="Order Discount Amount" parentSchemaName="salesorder" parentDisplayName="Order" solution="msdynce_Sales (9.0.4.0076)">
          <package appName="msdynce_Sales" version="9.0.24114.10004">msdynce_SalesAnchor (9.0.24114.10004)</package>
        </Required>
        <Dependent type="60" displayName="Information" parentDisplayName="Order" id="{22a3f7f7-2709-4bb4-bbca-754475938d68}" />
      </MissingDependency>
      <MissingDependency>
        <Required type="2" schemaName="discountamount" displayName="Order Discount Amount" parentSchemaName="salesorder" parentDisplayName="Order" solution="msdynce_Sales (9.0.4.0076)">
          <package appName="msdynce_Sales" version="9.0.24114.10004">msdynce_SalesAnchor (9.0.24114.10004)</package>
        </Required>
        <Dependent type="60" displayName="Order" parentDisplayName="Order" id="{d598792c-3ff0-43f3-b3e3-bbd70b99e1a5}" />
      </MissingDependency>
      <MissingDependency>
        <Required type="2" schemaName="discountamount" displayName="Order Discount Amount" parentSchemaName="salesorder" parentDisplayName="Order" solution="msdynce_Sales (9.0.4.0076)">
          <package appName="msdynce_Sales" version="9.0.24114.10004">msdynce_SalesAnchor (9.0.24114.10004)</package>
        </Required>
        <Dependent type="60" displayName="Order Management" parentDisplayName="Order" id="{f68a90d6-f2db-ef11-8eea-000d3a69d6aa}" />
      </MissingDependency>
      <MissingDependency>
        <Required type="2" schemaName="discountpercentage" displayName="Order Discount (%)" parentSchemaName="salesorder" parentDisplayName="Order" solution="msdynce_Sales (9.0.4.0076)">
          <package appName="msdynce_Sales" version="9.0.24114.10004">msdynce_SalesAnchor (9.0.24114.10004)</package>
        </Required>
        <Dependent type="60" displayName="Information" parentDisplayName="Order" id="{22a3f7f7-2709-4bb4-bbca-754475938d68}" />
      </MissingDependency>
      <MissingDependency>
        <Required type="2" schemaName="discountpercentage" displayName="Order Discount (%)" parentSchemaName="salesorder" parentDisplayName="Order" solution="msdynce_Sales (9.0.4.0076)">
          <package appName="msdynce_Sales" version="9.0.24114.10004">msdynce_SalesAnchor (9.0.24114.10004)</package>
        </Required>
        <Dependent type="60" displayName="Order" parentDisplayName="Order" id="{d598792c-3ff0-43f3-b3e3-bbd70b99e1a5}" />
      </MissingDependency>
      <MissingDependency>
        <Required type="2" schemaName="discountpercentage" displayName="Order Discount (%)" parentSchemaName="salesorder" parentDisplayName="Order" solution="msdynce_Sales (9.0.4.0076)">
          <package appName="msdynce_Sales" version="9.0.24114.10004">msdynce_SalesAnchor (9.0.24114.10004)</package>
        </Required>
        <Dependent type="60" displayName="Order Management" parentDisplayName="Order" id="{f68a90d6-f2db-ef11-8eea-000d3a69d6aa}" />
      </MissingDependency>
      <MissingDependency>
        <Required type="2" schemaName="emailaddress" displayName="Email Address" parentSchemaName="salesorder" parentDisplayName="Order" solution="msdynce_Sales (9.0.4.0076)">
          <package appName="msdynce_Sales" version="9.0.24114.10004">msdynce_SalesAnchor (9.0.24114.10004)</package>
        </Required>
        <Dependent type="29" displayName="Order Management Process" id="{db920bde-f7db-ef11-8eea-000d3a69d6aa}" />
      </MissingDependency>
      <MissingDependency>
        <Required type="2" schemaName="emailaddress" displayName="Email Address" parentSchemaName="salesorder" parentDisplayName="Order" solution="msdynce_Sales (9.0.4.0076)">
          <package appName="msdynce_Sales" version="9.0.24114.10004">msdynce_SalesAnchor (9.0.24114.10004)</package>
        </Required>
        <Dependent type="60" displayName="Information" parentDisplayName="Order Management Process" id="{04196887-547e-4500-add0-40aaa6c12819}" />
      </MissingDependency>
      <MissingDependency>
        <Required type="2" schemaName="freightamount" displayName="Freight Amount" parentSchemaName="salesorder" parentDisplayName="Order" solution="msdynce_Sales (9.0.4.0076)">
          <package appName="msdynce_Sales" version="9.0.24114.10004">msdynce_SalesAnchor (9.0.24114.10004)</package>
        </Required>
        <Dependent type="60" displayName="Information" parentDisplayName="Order" id="{22a3f7f7-2709-4bb4-bbca-754475938d68}" />
      </MissingDependency>
      <MissingDependency>
        <Required type="2" schemaName="freightamount" displayName="Freight Amount" parentSchemaName="salesorder" parentDisplayName="Order" solution="msdynce_Sales (9.0.4.0076)">
          <package appName="msdynce_Sales" version="9.0.24114.10004">msdynce_SalesAnchor (9.0.24114.10004)</package>
        </Required>
        <Dependent type="60" displayName="Order" parentDisplayName="Order" id="{d598792c-3ff0-43f3-b3e3-bbd70b99e1a5}" />
      </MissingDependency>
      <MissingDependency>
        <Required type="2" schemaName="freightamount" displayName="Freight Amount" parentSchemaName="salesorder" parentDisplayName="Order" solution="msdynce_Sales (9.0.4.0076)">
          <package appName="msdynce_Sales" version="9.0.24114.10004">msdynce_SalesAnchor (9.0.24114.10004)</package>
        </Required>
        <Dependent type="60" displayName="Order Management" parentDisplayName="Order" id="{f68a90d6-f2db-ef11-8eea-000d3a69d6aa}" />
      </MissingDependency>
      <MissingDependency>
        <Required type="2" schemaName="freighttermscode" displayName="Freight Terms" parentSchemaName="salesorder" parentDisplayName="Order" solution="msdynce_Sales (9.0.4.0076)">
          <package appName="msdynce_Sales" version="9.0.24114.10004">msdynce_SalesAnchor (9.0.24114.10004)</package>
        </Required>
        <Dependent type="60" displayName="Information" parentDisplayName="Order" id="{22a3f7f7-2709-4bb4-bbca-754475938d68}" />
      </MissingDependency>
      <MissingDependency>
        <Required type="2" schemaName="freighttermscode" displayName="Freight Terms" parentSchemaName="salesorder" parentDisplayName="Order" solution="msdynce_Sales (9.0.4.0076)">
          <package appName="msdynce_Sales" version="9.0.24114.10004">msdynce_SalesAnchor (9.0.24114.10004)</package>
        </Required>
        <Dependent type="60" displayName="Order" parentDisplayName="Order" id="{d598792c-3ff0-43f3-b3e3-bbd70b99e1a5}" />
      </MissingDependency>
      <MissingDependency>
        <Required type="2" schemaName="ispricelocked" displayName="Prices Locked" parentSchemaName="salesorder" parentDisplayName="Order" solution="msdynce_Sales (9.0.4.0076)">
          <package appName="msdynce_Sales" version="9.0.24114.10004">msdynce_SalesAnchor (9.0.24114.10004)</package>
        </Required>
        <Dependent type="60" displayName="Information" parentDisplayName="Order" id="{22a3f7f7-2709-4bb4-bbca-754475938d68}" />
      </MissingDependency>
      <MissingDependency>
        <Required type="2" schemaName="ispricelocked" displayName="Prices Locked" parentSchemaName="salesorder" parentDisplayName="Order" solution="msdynce_Sales (9.0.4.0076)">
          <package appName="msdynce_Sales" version="9.0.24114.10004">msdynce_SalesAnchor (9.0.24114.10004)</package>
        </Required>
        <Dependent type="60" displayName="Order" parentDisplayName="Order" id="{d598792c-3ff0-43f3-b3e3-bbd70b99e1a5}" />
      </MissingDependency>
      <MissingDependency>
        <Required type="2" schemaName="ispricelocked" displayName="Prices Locked" parentSchemaName="salesorder" parentDisplayName="Order" solution="msdynce_Sales (9.0.4.0076)">
          <package appName="msdynce_Sales" version="9.0.24114.10004">msdynce_SalesAnchor (9.0.24114.10004)</package>
        </Required>
        <Dependent type="60" displayName="Order Management" parentDisplayName="Order" id="{f68a90d6-f2db-ef11-8eea-000d3a69d6aa}" />
      </MissingDependency>
      <MissingDependency>
        <Required type="2" schemaName="name" displayName="Name" parentSchemaName="salesorder" parentDisplayName="Order" solution="msdynce_Sales (9.0.4.0076)">
          <package appName="msdynce_Sales" version="9.0.24114.10004">msdynce_SalesAnchor (9.0.24114.10004)</package>
        </Required>
        <Dependent type="10" schemaName="bpf_salesorder_mara_ordermanagementprocess" displayName="bpf_salesorder_mara_ordermanagementprocess" parentSchemaName="salesorder" parentDisplayName="Order" />
      </MissingDependency>
      <MissingDependency>
        <Required type="2" schemaName="name" displayName="Name" parentSchemaName="salesorder" parentDisplayName="Order" solution="msdynce_Sales (9.0.4.0076)">
          <package appName="msdynce_Sales" version="9.0.24114.10004">msdynce_SalesAnchor (9.0.24114.10004)</package>
        </Required>
        <Dependent type="26" schemaName="Orders I Follow" displayName="Orders I Follow" parentSchemaName="salesorder" parentDisplayName="Order" id="{95b7502b-5f90-e011-95ae-00155d9cfa02}" />
      </MissingDependency>
      <MissingDependency>
        <Required type="2" schemaName="name" displayName="Name" parentSchemaName="salesorder" parentDisplayName="Order" solution="msdynce_Sales (9.0.4.0076)">
          <package appName="msdynce_Sales" version="9.0.24114.10004">msdynce_SalesAnchor (9.0.24114.10004)</package>
        </Required>
        <Dependent type="26" schemaName="Orders Being Followed" displayName="Orders Being Followed" parentSchemaName="salesorder" parentDisplayName="Order" id="{95b7502b-5f90-e011-95ae-00155d9cfa03}" />
      </MissingDependency>
      <MissingDependency>
        <Required type="2" schemaName="name" displayName="Name" parentSchemaName="salesorder" parentDisplayName="Order" solution="msdynce_Sales (9.0.4.0076)">
          <package appName="msdynce_Sales" version="9.0.24114.10004">msdynce_SalesAnchor (9.0.24114.10004)</package>
        </Required>
        <Dependent type="29" displayName="New business rule" id="{ac3bd41c-f4db-ef11-8eea-000d3a69d6aa}" />
      </MissingDependency>
      <MissingDependency>
        <Required type="2" schemaName="name" displayName="Name" parentSchemaName="salesorder" parentDisplayName="Order" solution="msdynce_Sales (9.0.4.0076)">
          <package appName="msdynce_Sales" version="9.0.24114.10004">msdynce_SalesAnchor (9.0.24114.10004)</package>
        </Required>
        <Dependent type="29" displayName="Order Management Process" id="{db920bde-f7db-ef11-8eea-000d3a69d6aa}" />
      </MissingDependency>
      <MissingDependency>
        <Required type="2" schemaName="name" displayName="Name" parentSchemaName="salesorder" parentDisplayName="Order" solution="msdynce_Sales (9.0.4.0076)">
          <package appName="msdynce_Sales" version="9.0.24114.10004">msdynce_SalesAnchor (9.0.24114.10004)</package>
        </Required>
        <Dependent type="60" displayName="Information" parentDisplayName="Order Management Process" id="{04196887-547e-4500-add0-40aaa6c12819}" />
      </MissingDependency>
      <MissingDependency>
        <Required type="2" schemaName="name" displayName="Name" parentSchemaName="salesorder" parentDisplayName="Order" solution="msdynce_Sales (9.0.4.0076)">
          <package appName="msdynce_Sales" version="9.0.24114.10004">msdynce_SalesAnchor (9.0.24114.10004)</package>
        </Required>
        <Dependent type="60" displayName="Information" parentDisplayName="Order" id="{22a3f7f7-2709-4bb4-bbca-754475938d68}" />
      </MissingDependency>
      <MissingDependency>
        <Required type="2" schemaName="name" displayName="Name" parentSchemaName="salesorder" parentDisplayName="Order" solution="msdynce_Sales (9.0.4.0076)">
          <package appName="msdynce_Sales" version="9.0.24114.10004">msdynce_SalesAnchor (9.0.24114.10004)</package>
        </Required>
        <Dependent type="60" displayName="Order" parentDisplayName="Order" id="{d598792c-3ff0-43f3-b3e3-bbd70b99e1a5}" />
      </MissingDependency>
      <MissingDependency>
        <Required type="2" schemaName="name" displayName="Name" parentSchemaName="salesorder" parentDisplayName="Order" solution="msdynce_Sales (9.0.4.0076)">
          <package appName="msdynce_Sales" version="9.0.24114.10004">msdynce_SalesAnchor (9.0.24114.10004)</package>
        </Required>
        <Dependent type="60" displayName="Order Management" parentDisplayName="Order" id="{f68a90d6-f2db-ef11-8eea-000d3a69d6aa}" />
      </MissingDependency>
      <MissingDependency>
        <Required type="2" schemaName="opportunityid" displayName="Opportunity" parentSchemaName="salesorder" parentDisplayName="Order" solution="msdynce_Sales (9.0.4.0076)">
          <package appName="msdynce_Sales" version="9.0.24114.10004">msdynce_SalesAnchor (9.0.24114.10004)</package>
        </Required>
        <Dependent type="60" displayName="Information" parentDisplayName="Order" id="{22a3f7f7-2709-4bb4-bbca-754475938d68}" />
      </MissingDependency>
      <MissingDependency>
        <Required type="2" schemaName="opportunityid" displayName="Opportunity" parentSchemaName="salesorder" parentDisplayName="Order" solution="msdynce_Sales (9.0.4.0076)">
          <package appName="msdynce_Sales" version="9.0.24114.10004">msdynce_SalesAnchor (9.0.24114.10004)</package>
        </Required>
        <Dependent type="60" displayName="Order" parentDisplayName="Order" id="{d598792c-3ff0-43f3-b3e3-bbd70b99e1a5}" />
      </MissingDependency>
      <MissingDependency>
        <Required type="2" schemaName="ordernumber" displayName="Order ID" parentSchemaName="salesorder" parentDisplayName="Order" solution="msdynce_Sales (9.0.4.0076)">
          <package appName="msdynce_Sales" version="9.0.24114.10004">msdynce_SalesAnchor (9.0.24114.10004)</package>
        </Required>
        <Dependent type="29" displayName="New business rule" id="{ac3bd41c-f4db-ef11-8eea-000d3a69d6aa}" />
      </MissingDependency>
      <MissingDependency>
        <Required type="2" schemaName="ordernumber" displayName="Order ID" parentSchemaName="salesorder" parentDisplayName="Order" solution="msdynce_Sales (9.0.4.0076)">
          <package appName="msdynce_Sales" version="9.0.24114.10004">msdynce_SalesAnchor (9.0.24114.10004)</package>
        </Required>
        <Dependent type="29" displayName="Order Management Process" id="{db920bde-f7db-ef11-8eea-000d3a69d6aa}" />
      </MissingDependency>
      <MissingDependency>
        <Required type="2" schemaName="ordernumber" displayName="Order ID" parentSchemaName="salesorder" parentDisplayName="Order" solution="msdynce_Sales (9.0.4.0076)">
          <package appName="msdynce_Sales" version="9.0.24114.10004">msdynce_SalesAnchor (9.0.24114.10004)</package>
        </Required>
        <Dependent type="60" displayName="Information" parentDisplayName="Order Management Process" id="{04196887-547e-4500-add0-40aaa6c12819}" />
      </MissingDependency>
      <MissingDependency>
        <Required type="2" schemaName="ordernumber" displayName="Order ID" parentSchemaName="salesorder" parentDisplayName="Order" solution="msdynce_Sales (9.0.4.0076)">
          <package appName="msdynce_Sales" version="9.0.24114.10004">msdynce_SalesAnchor (9.0.24114.10004)</package>
        </Required>
        <Dependent type="60" displayName="Information" parentDisplayName="Order" id="{22a3f7f7-2709-4bb4-bbca-754475938d68}" />
      </MissingDependency>
      <MissingDependency>
        <Required type="2" schemaName="ordernumber" displayName="Order ID" parentSchemaName="salesorder" parentDisplayName="Order" solution="msdynce_Sales (9.0.4.0076)">
          <package appName="msdynce_Sales" version="9.0.24114.10004">msdynce_SalesAnchor (9.0.24114.10004)</package>
        </Required>
        <Dependent type="60" displayName="Order" parentDisplayName="Order" id="{d598792c-3ff0-43f3-b3e3-bbd70b99e1a5}" />
      </MissingDependency>
      <MissingDependency>
        <Required type="2" schemaName="ordernumber" displayName="Order ID" parentSchemaName="salesorder" parentDisplayName="Order" solution="msdynce_Sales (9.0.4.0076)">
          <package appName="msdynce_Sales" version="9.0.24114.10004">msdynce_SalesAnchor (9.0.24114.10004)</package>
        </Required>
        <Dependent type="60" displayName="Order Management" parentDisplayName="Order" id="{f68a90d6-f2db-ef11-8eea-000d3a69d6aa}" />
      </MissingDependency>
      <MissingDependency>
        <Required type="2" schemaName="ownerid" displayName="Owner" parentSchemaName="salesorder" parentDisplayName="Order" solution="msdynce_Sales (9.0.4.0076)">
          <package appName="msdynce_Sales" version="9.0.24114.10004">msdynce_SalesAnchor (9.0.24114.10004)</package>
        </Required>
        <Dependent type="26" schemaName="Active Order Management Process on my Orders" displayName="Active Order Management Process on my Orders" parentSchemaName="mara_ordermanagementprocess" parentDisplayName="Order Management Process" id="{722f6141-86b2-418e-a7f9-62262d31db67}" />
      </MissingDependency>
      <MissingDependency>
        <Required type="2" schemaName="ownerid" displayName="Owner" parentSchemaName="salesorder" parentDisplayName="Order" solution="msdynce_Sales (9.0.4.0076)">
          <package appName="msdynce_Sales" version="9.0.24114.10004">msdynce_SalesAnchor (9.0.24114.10004)</package>
        </Required>
        <Dependent type="26" schemaName="Inactive Order Management Process on my Orders" displayName="Inactive Order Management Process on my Orders" parentSchemaName="mara_ordermanagementprocess" parentDisplayName="Order Management Process" id="{b8bcb753-0bbe-4cbc-b23d-de8c333e991b}" />
      </MissingDependency>
      <MissingDependency>
        <Required type="2" schemaName="ownerid" displayName="Owner" parentSchemaName="salesorder" parentDisplayName="Order" solution="msdynce_Sales (9.0.4.0076)">
          <package appName="msdynce_Sales" version="9.0.24114.10004">msdynce_SalesAnchor (9.0.24114.10004)</package>
        </Required>
        <Dependent type="60" displayName="Information" parentDisplayName="Order" id="{22a3f7f7-2709-4bb4-bbca-754475938d68}" />
      </MissingDependency>
      <MissingDependency>
        <Required type="2" schemaName="ownerid" displayName="Owner" parentSchemaName="salesorder" parentDisplayName="Order" solution="msdynce_Sales (9.0.4.0076)">
          <package appName="msdynce_Sales" version="9.0.24114.10004">msdynce_SalesAnchor (9.0.24114.10004)</package>
        </Required>
        <Dependent type="60" displayName="Order" parentDisplayName="Order" id="{d598792c-3ff0-43f3-b3e3-bbd70b99e1a5}" />
      </MissingDependency>
      <MissingDependency>
        <Required type="2" schemaName="ownerid" displayName="Owner" parentSchemaName="salesorder" parentDisplayName="Order" solution="msdynce_Sales (9.0.4.0076)">
          <package appName="msdynce_Sales" version="9.0.24114.10004">msdynce_SalesAnchor (9.0.24114.10004)</package>
        </Required>
        <Dependent type="60" displayName="Order Management" parentDisplayName="Order" id="{f68a90d6-f2db-ef11-8eea-000d3a69d6aa}" />
      </MissingDependency>
      <MissingDependency>
        <Required type="2" schemaName="paymenttermscode" displayName="Payment Terms" parentSchemaName="salesorder" parentDisplayName="Order" solution="msdynce_Sales (9.0.4.0076)">
          <package appName="msdynce_Sales" version="9.0.24114.10004">msdynce_SalesAnchor (9.0.24114.10004)</package>
        </Required>
        <Dependent type="29" displayName="Order Management Process" id="{db920bde-f7db-ef11-8eea-000d3a69d6aa}" />
      </MissingDependency>
      <MissingDependency>
        <Required type="2" schemaName="paymenttermscode" displayName="Payment Terms" parentSchemaName="salesorder" parentDisplayName="Order" solution="msdynce_Sales (9.0.4.0076)">
          <package appName="msdynce_Sales" version="9.0.24114.10004">msdynce_SalesAnchor (9.0.24114.10004)</package>
        </Required>
        <Dependent type="60" displayName="Information" parentDisplayName="Order Management Process" id="{04196887-547e-4500-add0-40aaa6c12819}" />
      </MissingDependency>
      <MissingDependency>
        <Required type="2" schemaName="paymenttermscode" displayName="Payment Terms" parentSchemaName="salesorder" parentDisplayName="Order" solution="msdynce_Sales (9.0.4.0076)">
          <package appName="msdynce_Sales" version="9.0.24114.10004">msdynce_SalesAnchor (9.0.24114.10004)</package>
        </Required>
        <Dependent type="60" displayName="Information" parentDisplayName="Order" id="{22a3f7f7-2709-4bb4-bbca-754475938d68}" />
      </MissingDependency>
      <MissingDependency>
        <Required type="2" schemaName="paymenttermscode" displayName="Payment Terms" parentSchemaName="salesorder" parentDisplayName="Order" solution="msdynce_Sales (9.0.4.0076)">
          <package appName="msdynce_Sales" version="9.0.24114.10004">msdynce_SalesAnchor (9.0.24114.10004)</package>
        </Required>
        <Dependent type="60" displayName="Order" parentDisplayName="Order" id="{d598792c-3ff0-43f3-b3e3-bbd70b99e1a5}" />
      </MissingDependency>
      <MissingDependency>
        <Required type="2" schemaName="paymenttermscode" displayName="Payment Terms" parentSchemaName="salesorder" parentDisplayName="Order" solution="msdynce_Sales (9.0.4.0076)">
          <package appName="msdynce_Sales" version="9.0.24114.10004">msdynce_SalesAnchor (9.0.24114.10004)</package>
        </Required>
        <Dependent type="60" displayName="Order Management" parentDisplayName="Order" id="{f68a90d6-f2db-ef11-8eea-000d3a69d6aa}" />
      </MissingDependency>
      <MissingDependency>
        <Required type="2" schemaName="pricelevelid" displayName="Price List" parentSchemaName="salesorder" parentDisplayName="Order" solution="msdynce_Sales (9.0.4.0076)">
          <package appName="msdynce_Sales" version="9.0.24114.10004">msdynce_SalesAnchor (9.0.24114.10004)</package>
        </Required>
        <Dependent type="29" displayName="Order Management Process" id="{db920bde-f7db-ef11-8eea-000d3a69d6aa}" />
      </MissingDependency>
      <MissingDependency>
        <Required type="2" schemaName="pricelevelid" displayName="Price List" parentSchemaName="salesorder" parentDisplayName="Order" solution="msdynce_Sales (9.0.4.0076)">
          <package appName="msdynce_Sales" version="9.0.24114.10004">msdynce_SalesAnchor (9.0.24114.10004)</package>
        </Required>
        <Dependent type="60" displayName="Information" parentDisplayName="Order Management Process" id="{04196887-547e-4500-add0-40aaa6c12819}" />
      </MissingDependency>
      <MissingDependency>
        <Required type="2" schemaName="pricelevelid" displayName="Price List" parentSchemaName="salesorder" parentDisplayName="Order" solution="msdynce_Sales (9.0.4.0076)">
          <package appName="msdynce_Sales" version="9.0.24114.10004">msdynce_SalesAnchor (9.0.24114.10004)</package>
        </Required>
        <Dependent type="60" displayName="Information" parentDisplayName="Order" id="{22a3f7f7-2709-4bb4-bbca-754475938d68}" />
      </MissingDependency>
      <MissingDependency>
        <Required type="2" schemaName="pricelevelid" displayName="Price List" parentSchemaName="salesorder" parentDisplayName="Order" solution="msdynce_Sales (9.0.4.0076)">
          <package appName="msdynce_Sales" version="9.0.24114.10004">msdynce_SalesAnchor (9.0.24114.10004)</package>
        </Required>
        <Dependent type="60" displayName="Order" parentDisplayName="Order" id="{d598792c-3ff0-43f3-b3e3-bbd70b99e1a5}" />
      </MissingDependency>
      <MissingDependency>
        <Required type="2" schemaName="pricelevelid" displayName="Price List" parentSchemaName="salesorder" parentDisplayName="Order" solution="msdynce_Sales (9.0.4.0076)">
          <package appName="msdynce_Sales" version="9.0.24114.10004">msdynce_SalesAnchor (9.0.24114.10004)</package>
        </Required>
        <Dependent type="60" displayName="Order Management" parentDisplayName="Order" id="{f68a90d6-f2db-ef11-8eea-000d3a69d6aa}" />
      </MissingDependency>
      <MissingDependency>
        <Required type="2" schemaName="quoteid" displayName="Quote" parentSchemaName="salesorder" parentDisplayName="Order" solution="msdynce_Sales (9.0.4.0076)">
          <package appName="msdynce_Sales" version="9.0.24114.10004">msdynce_SalesAnchor (9.0.24114.10004)</package>
        </Required>
        <Dependent type="60" displayName="Information" parentDisplayName="Order" id="{22a3f7f7-2709-4bb4-bbca-754475938d68}" />
      </MissingDependency>
      <MissingDependency>
        <Required type="2" schemaName="quoteid" displayName="Quote" parentSchemaName="salesorder" parentDisplayName="Order" solution="msdynce_Sales (9.0.4.0076)">
          <package appName="msdynce_Sales" version="9.0.24114.10004">msdynce_SalesAnchor (9.0.24114.10004)</package>
        </Required>
        <Dependent type="60" displayName="Order" parentDisplayName="Order" id="{d598792c-3ff0-43f3-b3e3-bbd70b99e1a5}" />
      </MissingDependency>
      <MissingDependency>
        <Required type="2" schemaName="requestdeliveryby" displayName="Requested Delivery Date" parentSchemaName="salesorder" parentDisplayName="Order" solution="msdynce_Sales (9.0.4.0076)">
          <package appName="msdynce_Sales" version="9.0.24114.10004">msdynce_SalesAnchor (9.0.24114.10004)</package>
        </Required>
        <Dependent type="60" displayName="Information" parentDisplayName="Order" id="{22a3f7f7-2709-4bb4-bbca-754475938d68}" />
      </MissingDependency>
      <MissingDependency>
        <Required type="2" schemaName="requestdeliveryby" displayName="Requested Delivery Date" parentSchemaName="salesorder" parentDisplayName="Order" solution="msdynce_Sales (9.0.4.0076)">
          <package appName="msdynce_Sales" version="9.0.24114.10004">msdynce_SalesAnchor (9.0.24114.10004)</package>
        </Required>
        <Dependent type="60" displayName="Order" parentDisplayName="Order" id="{d598792c-3ff0-43f3-b3e3-bbd70b99e1a5}" />
      </MissingDependency>
      <MissingDependency>
        <Required type="2" schemaName="requestdeliveryby" displayName="Requested Delivery Date" parentSchemaName="salesorder" parentDisplayName="Order" solution="msdynce_Sales (9.0.4.0076)">
          <package appName="msdynce_Sales" version="9.0.24114.10004">msdynce_SalesAnchor (9.0.24114.10004)</package>
        </Required>
        <Dependent type="60" displayName="Order Management" parentDisplayName="Order" id="{f68a90d6-f2db-ef11-8eea-000d3a69d6aa}" />
      </MissingDependency>
      <MissingDependency>
        <Required type="2" schemaName="salesorderid" displayName="Order" parentSchemaName="salesorder" parentDisplayName="Order" solution="msdynce_Sales (9.0.4.0076)">
          <package appName="msdynce_Sales" version="9.0.24114.10004">msdynce_SalesAnchor (9.0.24114.10004)</package>
        </Required>
        <Dependent type="26" schemaName="Active Order Management Process on my Orders" displayName="Active Order Management Process on my Orders" parentSchemaName="mara_ordermanagementprocess" parentDisplayName="Order Management Process" id="{722f6141-86b2-418e-a7f9-62262d31db67}" />
      </MissingDependency>
      <MissingDependency>
        <Required type="2" schemaName="salesorderid" displayName="Order" parentSchemaName="salesorder" parentDisplayName="Order" solution="msdynce_Sales (9.0.4.0076)">
          <package appName="msdynce_Sales" version="9.0.24114.10004">msdynce_SalesAnchor (9.0.24114.10004)</package>
        </Required>
        <Dependent type="26" schemaName="Orders I Follow" displayName="Orders I Follow" parentSchemaName="salesorder" parentDisplayName="Order" id="{95b7502b-5f90-e011-95ae-00155d9cfa02}" />
      </MissingDependency>
      <MissingDependency>
        <Required type="2" schemaName="salesorderid" displayName="Order" parentSchemaName="salesorder" parentDisplayName="Order" solution="msdynce_Sales (9.0.4.0076)">
          <package appName="msdynce_Sales" version="9.0.24114.10004">msdynce_SalesAnchor (9.0.24114.10004)</package>
        </Required>
        <Dependent type="26" schemaName="Orders Being Followed" displayName="Orders Being Followed" parentSchemaName="salesorder" parentDisplayName="Order" id="{95b7502b-5f90-e011-95ae-00155d9cfa03}" />
      </MissingDependency>
      <MissingDependency>
        <Required type="2" schemaName="salesorderid" displayName="Order" parentSchemaName="salesorder" parentDisplayName="Order" solution="msdynce_Sales (9.0.4.0076)">
          <package appName="msdynce_Sales" version="9.0.24114.10004">msdynce_SalesAnchor (9.0.24114.10004)</package>
        </Required>
        <Dependent type="26" schemaName="Inactive Order Management Process on my Orders" displayName="Inactive Order Management Process on my Orders" parentSchemaName="mara_ordermanagementprocess" parentDisplayName="Order Management Process" id="{b8bcb753-0bbe-4cbc-b23d-de8c333e991b}" />
      </MissingDependency>
      <MissingDependency>
        <Required type="2" schemaName="salesorderid" displayName="Order" parentSchemaName="salesorder" parentDisplayName="Order" solution="msdynce_Sales (9.0.4.0076)">
          <package appName="msdynce_Sales" version="9.0.24114.10004">msdynce_SalesAnchor (9.0.24114.10004)</package>
        </Required>
        <Dependent type="29" displayName="New business rule" id="{ac3bd41c-f4db-ef11-8eea-000d3a69d6aa}" />
      </MissingDependency>
      <MissingDependency>
        <Required type="2" schemaName="salesorderid" displayName="Order" parentSchemaName="salesorder" parentDisplayName="Order" solution="msdynce_Sales (9.0.4.0076)">
          <package appName="msdynce_Sales" version="9.0.24114.10004">msdynce_SalesAnchor (9.0.24114.10004)</package>
        </Required>
        <Dependent type="29" displayName="Order Management Process" id="{db920bde-f7db-ef11-8eea-000d3a69d6aa}" />
      </MissingDependency>
      <MissingDependency>
        <Required type="2" schemaName="shippingmethodcode" displayName="Shipping Method" parentSchemaName="salesorder" parentDisplayName="Order" solution="msdynce_Sales (9.0.4.0076)">
          <package appName="msdynce_Sales" version="9.0.24114.10004">msdynce_SalesAnchor (9.0.24114.10004)</package>
        </Required>
        <Dependent type="60" displayName="Information" parentDisplayName="Order" id="{22a3f7f7-2709-4bb4-bbca-754475938d68}" />
      </MissingDependency>
      <MissingDependency>
        <Required type="2" schemaName="shippingmethodcode" displayName="Shipping Method" parentSchemaName="salesorder" parentDisplayName="Order" solution="msdynce_Sales (9.0.4.0076)">
          <package appName="msdynce_Sales" version="9.0.24114.10004">msdynce_SalesAnchor (9.0.24114.10004)</package>
        </Required>
        <Dependent type="60" displayName="Order" parentDisplayName="Order" id="{d598792c-3ff0-43f3-b3e3-bbd70b99e1a5}" />
      </MissingDependency>
      <MissingDependency>
        <Required type="2" schemaName="shippingmethodcode" displayName="Shipping Method" parentSchemaName="salesorder" parentDisplayName="Order" solution="msdynce_Sales (9.0.4.0076)">
          <package appName="msdynce_Sales" version="9.0.24114.10004">msdynce_SalesAnchor (9.0.24114.10004)</package>
        </Required>
        <Dependent type="60" displayName="Order Management" parentDisplayName="Order" id="{f68a90d6-f2db-ef11-8eea-000d3a69d6aa}" />
      </MissingDependency>
      <MissingDependency>
        <Required type="2" schemaName="shipto_city" displayName="Ship To City" parentSchemaName="salesorder" parentDisplayName="Order" solution="msdynce_Sales (9.0.4.0076)">
          <package appName="msdynce_Sales" version="9.0.24114.10004">msdynce_SalesAnchor (9.0.24114.10004)</package>
        </Required>
        <Dependent type="60" displayName="Information" parentDisplayName="Order" id="{22a3f7f7-2709-4bb4-bbca-754475938d68}" />
      </MissingDependency>
      <MissingDependency>
        <Required type="2" schemaName="shipto_composite" displayName="Ship To Address" parentSchemaName="salesorder" parentDisplayName="Order" solution="msdynce_Sales (9.0.4.0076)">
          <package appName="msdynce_Sales" version="9.0.24114.10004">msdynce_SalesAnchor (9.0.24114.10004)</package>
        </Required>
        <Dependent type="60" displayName="Order" parentDisplayName="Order" id="{d598792c-3ff0-43f3-b3e3-bbd70b99e1a5}" />
      </MissingDependency>
      <MissingDependency>
        <Required type="2" schemaName="shipto_contactname" displayName="Ship To Contact Name" parentSchemaName="salesorder" parentDisplayName="Order" solution="msdynce_Sales (9.0.4.0076)">
          <package appName="msdynce_Sales" version="9.0.24114.10004">msdynce_SalesAnchor (9.0.24114.10004)</package>
        </Required>
        <Dependent type="60" displayName="Information" parentDisplayName="Order" id="{22a3f7f7-2709-4bb4-bbca-754475938d68}" />
      </MissingDependency>
      <MissingDependency>
        <Required type="2" schemaName="shipto_country" displayName="Ship To Country/Region" parentSchemaName="salesorder" parentDisplayName="Order" solution="msdynce_Sales (9.0.4.0076)">
          <package appName="msdynce_Sales" version="9.0.24114.10004">msdynce_SalesAnchor (9.0.24114.10004)</package>
        </Required>
        <Dependent type="60" displayName="Information" parentDisplayName="Order" id="{22a3f7f7-2709-4bb4-bbca-754475938d68}" />
      </MissingDependency>
      <MissingDependency>
        <Required type="2" schemaName="shipto_fax" displayName="Ship to Fax" parentSchemaName="salesorder" parentDisplayName="Order" solution="msdynce_Sales (9.0.4.0076)">
          <package appName="msdynce_Sales" version="9.0.24114.10004">msdynce_SalesAnchor (9.0.24114.10004)</package>
        </Required>
        <Dependent type="60" displayName="Information" parentDisplayName="Order" id="{22a3f7f7-2709-4bb4-bbca-754475938d68}" />
      </MissingDependency>
      <MissingDependency>
        <Required type="2" schemaName="shipto_line1" displayName="Ship To Street 1" parentSchemaName="salesorder" parentDisplayName="Order" solution="msdynce_Sales (9.0.4.0076)">
          <package appName="msdynce_Sales" version="9.0.24114.10004">msdynce_SalesAnchor (9.0.24114.10004)</package>
        </Required>
        <Dependent type="60" displayName="Information" parentDisplayName="Order" id="{22a3f7f7-2709-4bb4-bbca-754475938d68}" />
      </MissingDependency>
      <MissingDependency>
        <Required type="2" schemaName="shipto_line2" displayName="Ship To Street 2" parentSchemaName="salesorder" parentDisplayName="Order" solution="msdynce_Sales (9.0.4.0076)">
          <package appName="msdynce_Sales" version="9.0.24114.10004">msdynce_SalesAnchor (9.0.24114.10004)</package>
        </Required>
        <Dependent type="60" displayName="Information" parentDisplayName="Order" id="{22a3f7f7-2709-4bb4-bbca-754475938d68}" />
      </MissingDependency>
      <MissingDependency>
        <Required type="2" schemaName="shipto_line3" displayName="Ship To Street 3" parentSchemaName="salesorder" parentDisplayName="Order" solution="msdynce_Sales (9.0.4.0076)">
          <package appName="msdynce_Sales" version="9.0.24114.10004">msdynce_SalesAnchor (9.0.24114.10004)</package>
        </Required>
        <Dependent type="60" displayName="Information" parentDisplayName="Order" id="{22a3f7f7-2709-4bb4-bbca-754475938d68}" />
      </MissingDependency>
      <MissingDependency>
        <Required type="2" schemaName="shipto_name" displayName="Ship To Name" parentSchemaName="salesorder" parentDisplayName="Order" solution="msdynce_Sales (9.0.4.0076)">
          <package appName="msdynce_Sales" version="9.0.24114.10004">msdynce_SalesAnchor (9.0.24114.10004)</package>
        </Required>
        <Dependent type="60" displayName="Information" parentDisplayName="Order" id="{22a3f7f7-2709-4bb4-bbca-754475938d68}" />
      </MissingDependency>
      <MissingDependency>
        <Required type="2" schemaName="shipto_postalcode" displayName="Ship To ZIP/Postal Code" parentSchemaName="salesorder" parentDisplayName="Order" solution="msdynce_Sales (9.0.4.0076)">
          <package appName="msdynce_Sales" version="9.0.24114.10004">msdynce_SalesAnchor (9.0.24114.10004)</package>
        </Required>
        <Dependent type="60" displayName="Information" parentDisplayName="Order" id="{22a3f7f7-2709-4bb4-bbca-754475938d68}" />
      </MissingDependency>
      <MissingDependency>
        <Required type="2" schemaName="shipto_stateorprovince" displayName="Ship To State/Province" parentSchemaName="salesorder" parentDisplayName="Order" solution="msdynce_Sales (9.0.4.0076)">
          <package appName="msdynce_Sales" version="9.0.24114.10004">msdynce_SalesAnchor (9.0.24114.10004)</package>
        </Required>
        <Dependent type="60" displayName="Information" parentDisplayName="Order" id="{22a3f7f7-2709-4bb4-bbca-754475938d68}" />
      </MissingDependency>
      <MissingDependency>
        <Required type="2" schemaName="shipto_telephone" displayName="Ship To Phone" parentSchemaName="salesorder" parentDisplayName="Order" solution="msdynce_Sales (9.0.4.0076)">
          <package appName="msdynce_Sales" version="9.0.24114.10004">msdynce_SalesAnchor (9.0.24114.10004)</package>
        </Required>
        <Dependent type="60" displayName="Information" parentDisplayName="Order" id="{22a3f7f7-2709-4bb4-bbca-754475938d68}" />
      </MissingDependency>
      <MissingDependency>
        <Required type="2" schemaName="statecode" displayName="Status" parentSchemaName="salesorder" parentDisplayName="Order" solution="msdynce_Sales (9.0.4.0076)">
          <package appName="msdynce_Sales" version="9.0.24114.10004">msdynce_SalesAnchor (9.0.24114.10004)</package>
        </Required>
        <Dependent type="26" schemaName="Orders I Follow" displayName="Orders I Follow" parentSchemaName="salesorder" parentDisplayName="Order" id="{95b7502b-5f90-e011-95ae-00155d9cfa02}" />
      </MissingDependency>
      <MissingDependency>
        <Required type="2" schemaName="statecode" displayName="Status" parentSchemaName="salesorder" parentDisplayName="Order" solution="msdynce_Sales (9.0.4.0076)">
          <package appName="msdynce_Sales" version="9.0.24114.10004">msdynce_SalesAnchor (9.0.24114.10004)</package>
        </Required>
        <Dependent type="26" schemaName="Orders Being Followed" displayName="Orders Being Followed" parentSchemaName="salesorder" parentDisplayName="Order" id="{95b7502b-5f90-e011-95ae-00155d9cfa03}" />
      </MissingDependency>
      <MissingDependency>
        <Required type="2" schemaName="statecode" displayName="Status" parentSchemaName="salesorder" parentDisplayName="Order" solution="msdynce_Sales (9.0.4.0076)">
          <package appName="msdynce_Sales" version="9.0.24114.10004">msdynce_SalesAnchor (9.0.24114.10004)</package>
        </Required>
        <Dependent type="60" displayName="Order" parentDisplayName="Order" id="{d598792c-3ff0-43f3-b3e3-bbd70b99e1a5}" />
      </MissingDependency>
      <MissingDependency>
        <Required type="2" schemaName="statecode" displayName="Status" parentSchemaName="salesorder" parentDisplayName="Order" solution="msdynce_Sales (9.0.4.0076)">
          <package appName="msdynce_Sales" version="9.0.24114.10004">msdynce_SalesAnchor (9.0.24114.10004)</package>
        </Required>
        <Dependent type="60" displayName="Order Management" parentDisplayName="Order" id="{f68a90d6-f2db-ef11-8eea-000d3a69d6aa}" />
      </MissingDependency>
      <MissingDependency>
        <Required type="2" schemaName="statuscode" displayName="Status Reason" parentSchemaName="salesorder" parentDisplayName="Order" solution="msdynce_Sales (9.0.4.0076)">
          <package appName="msdynce_Sales" version="9.0.24114.10004">msdynce_SalesAnchor (9.0.24114.10004)</package>
        </Required>
        <Dependent type="26" schemaName="Orders I Follow" displayName="Orders I Follow" parentSchemaName="salesorder" parentDisplayName="Order" id="{95b7502b-5f90-e011-95ae-00155d9cfa02}" />
      </MissingDependency>
      <MissingDependency>
        <Required type="2" schemaName="statuscode" displayName="Status Reason" parentSchemaName="salesorder" parentDisplayName="Order" solution="msdynce_Sales (9.0.4.0076)">
          <package appName="msdynce_Sales" version="9.0.24114.10004">msdynce_SalesAnchor (9.0.24114.10004)</package>
        </Required>
        <Dependent type="26" schemaName="Orders Being Followed" displayName="Orders Being Followed" parentSchemaName="salesorder" parentDisplayName="Order" id="{95b7502b-5f90-e011-95ae-00155d9cfa03}" />
      </MissingDependency>
      <MissingDependency>
        <Required type="2" schemaName="statuscode" displayName="Status Reason" parentSchemaName="salesorder" parentDisplayName="Order" solution="msdynce_Sales (9.0.4.0076)">
          <package appName="msdynce_Sales" version="9.0.24114.10004">msdynce_SalesAnchor (9.0.24114.10004)</package>
        </Required>
        <Dependent type="60" displayName="Information" parentDisplayName="Order" id="{22a3f7f7-2709-4bb4-bbca-754475938d68}" />
      </MissingDependency>
      <MissingDependency>
        <Required type="2" schemaName="statuscode" displayName="Status Reason" parentSchemaName="salesorder" parentDisplayName="Order" solution="msdynce_Sales (9.0.4.0076)">
          <package appName="msdynce_Sales" version="9.0.24114.10004">msdynce_SalesAnchor (9.0.24114.10004)</package>
        </Required>
        <Dependent type="60" displayName="Order" parentDisplayName="Order" id="{d598792c-3ff0-43f3-b3e3-bbd70b99e1a5}" />
      </MissingDependency>
      <MissingDependency>
        <Required type="2" schemaName="statuscode" displayName="Status Reason" parentSchemaName="salesorder" parentDisplayName="Order" solution="msdynce_Sales (9.0.4.0076)">
          <package appName="msdynce_Sales" version="9.0.24114.10004">msdynce_SalesAnchor (9.0.24114.10004)</package>
        </Required>
        <Dependent type="60" displayName="Order Management" parentDisplayName="Order" id="{f68a90d6-f2db-ef11-8eea-000d3a69d6aa}" />
      </MissingDependency>
      <MissingDependency>
        <Required type="2" schemaName="totalamount" displayName="Total Amount" parentSchemaName="salesorder" parentDisplayName="Order" solution="msdynce_Sales (9.0.4.0076)">
          <package appName="msdynce_Sales" version="9.0.24114.10004">msdynce_SalesAnchor (9.0.24114.10004)</package>
        </Required>
        <Dependent type="26" schemaName="Orders I Follow" displayName="Orders I Follow" parentSchemaName="salesorder" parentDisplayName="Order" id="{95b7502b-5f90-e011-95ae-00155d9cfa02}" />
      </MissingDependency>
      <MissingDependency>
        <Required type="2" schemaName="totalamount" displayName="Total Amount" parentSchemaName="salesorder" parentDisplayName="Order" solution="msdynce_Sales (9.0.4.0076)">
          <package appName="msdynce_Sales" version="9.0.24114.10004">msdynce_SalesAnchor (9.0.24114.10004)</package>
        </Required>
        <Dependent type="26" schemaName="Orders Being Followed" displayName="Orders Being Followed" parentSchemaName="salesorder" parentDisplayName="Order" id="{95b7502b-5f90-e011-95ae-00155d9cfa03}" />
      </MissingDependency>
      <MissingDependency>
        <Required type="2" schemaName="totalamount" displayName="Total Amount" parentSchemaName="salesorder" parentDisplayName="Order" solution="msdynce_Sales (9.0.4.0076)">
          <package appName="msdynce_Sales" version="9.0.24114.10004">msdynce_SalesAnchor (9.0.24114.10004)</package>
        </Required>
        <Dependent type="29" displayName="Order Management Process" id="{db920bde-f7db-ef11-8eea-000d3a69d6aa}" />
      </MissingDependency>
      <MissingDependency>
        <Required type="2" schemaName="totalamount" displayName="Total Amount" parentSchemaName="salesorder" parentDisplayName="Order" solution="msdynce_Sales (9.0.4.0076)">
          <package appName="msdynce_Sales" version="9.0.24114.10004">msdynce_SalesAnchor (9.0.24114.10004)</package>
        </Required>
        <Dependent type="60" displayName="Information" parentDisplayName="Order Management Process" id="{04196887-547e-4500-add0-40aaa6c12819}" />
      </MissingDependency>
      <MissingDependency>
        <Required type="2" schemaName="totalamount" displayName="Total Amount" parentSchemaName="salesorder" parentDisplayName="Order" solution="msdynce_Sales (9.0.4.0076)">
          <package appName="msdynce_Sales" version="9.0.24114.10004">msdynce_SalesAnchor (9.0.24114.10004)</package>
        </Required>
        <Dependent type="60" displayName="Information" parentDisplayName="Order" id="{22a3f7f7-2709-4bb4-bbca-754475938d68}" />
      </MissingDependency>
      <MissingDependency>
        <Required type="2" schemaName="totalamount" displayName="Total Amount" parentSchemaName="salesorder" parentDisplayName="Order" solution="msdynce_Sales (9.0.4.0076)">
          <package appName="msdynce_Sales" version="9.0.24114.10004">msdynce_SalesAnchor (9.0.24114.10004)</package>
        </Required>
        <Dependent type="60" displayName="Order" parentDisplayName="Order" id="{d598792c-3ff0-43f3-b3e3-bbd70b99e1a5}" />
      </MissingDependency>
      <MissingDependency>
        <Required type="2" schemaName="totalamount" displayName="Total Amount" parentSchemaName="salesorder" parentDisplayName="Order" solution="msdynce_Sales (9.0.4.0076)">
          <package appName="msdynce_Sales" version="9.0.24114.10004">msdynce_SalesAnchor (9.0.24114.10004)</package>
        </Required>
        <Dependent type="60" displayName="Order Management" parentDisplayName="Order" id="{f68a90d6-f2db-ef11-8eea-000d3a69d6aa}" />
      </MissingDependency>
      <MissingDependency>
        <Required type="2" schemaName="totalamountlessfreight" displayName="Total Pre-Freight Amount" parentSchemaName="salesorder" parentDisplayName="Order" solution="msdynce_Sales (9.0.4.0076)">
          <package appName="msdynce_Sales" version="9.0.24114.10004">msdynce_SalesAnchor (9.0.24114.10004)</package>
        </Required>
        <Dependent type="60" displayName="Information" parentDisplayName="Order" id="{22a3f7f7-2709-4bb4-bbca-754475938d68}" />
      </MissingDependency>
      <MissingDependency>
        <Required type="2" schemaName="totalamountlessfreight" displayName="Total Pre-Freight Amount" parentSchemaName="salesorder" parentDisplayName="Order" solution="msdynce_Sales (9.0.4.0076)">
          <package appName="msdynce_Sales" version="9.0.24114.10004">msdynce_SalesAnchor (9.0.24114.10004)</package>
        </Required>
        <Dependent type="60" displayName="Order" parentDisplayName="Order" id="{d598792c-3ff0-43f3-b3e3-bbd70b99e1a5}" />
      </MissingDependency>
      <MissingDependency>
        <Required type="2" schemaName="totalamountlessfreight" displayName="Total Pre-Freight Amount" parentSchemaName="salesorder" parentDisplayName="Order" solution="msdynce_Sales (9.0.4.0076)">
          <package appName="msdynce_Sales" version="9.0.24114.10004">msdynce_SalesAnchor (9.0.24114.10004)</package>
        </Required>
        <Dependent type="60" displayName="Order Management" parentDisplayName="Order" id="{f68a90d6-f2db-ef11-8eea-000d3a69d6aa}" />
      </MissingDependency>
      <MissingDependency>
        <Required type="2" schemaName="totallineitemamount" displayName="Total Detail Amount" parentSchemaName="salesorder" parentDisplayName="Order" solution="msdynce_Sales (9.0.4.0076)">
          <package appName="msdynce_Sales" version="9.0.24114.10004">msdynce_SalesAnchor (9.0.24114.10004)</package>
        </Required>
        <Dependent type="60" displayName="Information" parentDisplayName="Order" id="{22a3f7f7-2709-4bb4-bbca-754475938d68}" />
      </MissingDependency>
      <MissingDependency>
        <Required type="2" schemaName="totallineitemamount" displayName="Total Detail Amount" parentSchemaName="salesorder" parentDisplayName="Order" solution="msdynce_Sales (9.0.4.0076)">
          <package appName="msdynce_Sales" version="9.0.24114.10004">msdynce_SalesAnchor (9.0.24114.10004)</package>
        </Required>
        <Dependent type="60" displayName="Order" parentDisplayName="Order" id="{d598792c-3ff0-43f3-b3e3-bbd70b99e1a5}" />
      </MissingDependency>
      <MissingDependency>
        <Required type="2" schemaName="totallineitemamount" displayName="Total Detail Amount" parentSchemaName="salesorder" parentDisplayName="Order" solution="msdynce_Sales (9.0.4.0076)">
          <package appName="msdynce_Sales" version="9.0.24114.10004">msdynce_SalesAnchor (9.0.24114.10004)</package>
        </Required>
        <Dependent type="60" displayName="Order Management" parentDisplayName="Order" id="{f68a90d6-f2db-ef11-8eea-000d3a69d6aa}" />
      </MissingDependency>
      <MissingDependency>
        <Required type="2" schemaName="totaltax" displayName="Total Tax" parentSchemaName="salesorder" parentDisplayName="Order" solution="msdynce_Sales (9.0.4.0076)">
          <package appName="msdynce_Sales" version="9.0.24114.10004">msdynce_SalesAnchor (9.0.24114.10004)</package>
        </Required>
        <Dependent type="60" displayName="Information" parentDisplayName="Order" id="{22a3f7f7-2709-4bb4-bbca-754475938d68}" />
      </MissingDependency>
      <MissingDependency>
        <Required type="2" schemaName="totaltax" displayName="Total Tax" parentSchemaName="salesorder" parentDisplayName="Order" solution="msdynce_Sales (9.0.4.0076)">
          <package appName="msdynce_Sales" version="9.0.24114.10004">msdynce_SalesAnchor (9.0.24114.10004)</package>
        </Required>
        <Dependent type="60" displayName="Order" parentDisplayName="Order" id="{d598792c-3ff0-43f3-b3e3-bbd70b99e1a5}" />
      </MissingDependency>
      <MissingDependency>
        <Required type="2" schemaName="totaltax" displayName="Total Tax" parentSchemaName="salesorder" parentDisplayName="Order" solution="msdynce_Sales (9.0.4.0076)">
          <package appName="msdynce_Sales" version="9.0.24114.10004">msdynce_SalesAnchor (9.0.24114.10004)</package>
        </Required>
        <Dependent type="60" displayName="Order Management" parentDisplayName="Order" id="{f68a90d6-f2db-ef11-8eea-000d3a69d6aa}" />
      </MissingDependency>
      <MissingDependency>
        <Required type="2" schemaName="transactioncurrencyid" displayName="Currency" parentSchemaName="salesorder" parentDisplayName="Order" solution="msdynce_Sales (9.0.4.0076)">
          <package appName="msdynce_Sales" version="9.0.24114.10004">msdynce_SalesAnchor (9.0.24114.10004)</package>
        </Required>
        <Dependent type="29" displayName="Order Management Process" id="{db920bde-f7db-ef11-8eea-000d3a69d6aa}" />
      </MissingDependency>
      <MissingDependency>
        <Required type="2" schemaName="transactioncurrencyid" displayName="Currency" parentSchemaName="salesorder" parentDisplayName="Order" solution="msdynce_Sales (9.0.4.0076)">
          <package appName="msdynce_Sales" version="9.0.24114.10004">msdynce_SalesAnchor (9.0.24114.10004)</package>
        </Required>
        <Dependent type="60" displayName="Information" parentDisplayName="Order Management Process" id="{04196887-547e-4500-add0-40aaa6c12819}" />
      </MissingDependency>
      <MissingDependency>
        <Required type="2" schemaName="transactioncurrencyid" displayName="Currency" parentSchemaName="salesorder" parentDisplayName="Order" solution="msdynce_Sales (9.0.4.0076)">
          <package appName="msdynce_Sales" version="9.0.24114.10004">msdynce_SalesAnchor (9.0.24114.10004)</package>
        </Required>
        <Dependent type="60" displayName="Information" parentDisplayName="Order" id="{22a3f7f7-2709-4bb4-bbca-754475938d68}" />
      </MissingDependency>
      <MissingDependency>
        <Required type="2" schemaName="transactioncurrencyid" displayName="Currency" parentSchemaName="salesorder" parentDisplayName="Order" solution="msdynce_Sales (9.0.4.0076)">
          <package appName="msdynce_Sales" version="9.0.24114.10004">msdynce_SalesAnchor (9.0.24114.10004)</package>
        </Required>
        <Dependent type="60" displayName="Order" parentDisplayName="Order" id="{d598792c-3ff0-43f3-b3e3-bbd70b99e1a5}" />
      </MissingDependency>
      <MissingDependency>
        <Required type="2" schemaName="transactioncurrencyid" displayName="Currency" parentSchemaName="salesorder" parentDisplayName="Order" solution="msdynce_Sales (9.0.4.0076)">
          <package appName="msdynce_Sales" version="9.0.24114.10004">msdynce_SalesAnchor (9.0.24114.10004)</package>
        </Required>
        <Dependent type="60" displayName="Order Management" parentDisplayName="Order" id="{f68a90d6-f2db-ef11-8eea-000d3a69d6aa}" />
      </MissingDependency>
      <MissingDependency>
        <Required type="2" schemaName="willcall" displayName="Ship To" parentSchemaName="salesorder" parentDisplayName="Order" solution="msdynce_Sales (9.0.4.0076)">
          <package appName="msdynce_Sales" version="9.0.24114.10004">msdynce_SalesAnchor (9.0.24114.10004)</package>
        </Required>
        <Dependent type="60" displayName="Information" parentDisplayName="Order" id="{22a3f7f7-2709-4bb4-bbca-754475938d68}" />
      </MissingDependency>
      <MissingDependency>
        <Required type="2" schemaName="willcall" displayName="Ship To" parentSchemaName="salesorder" parentDisplayName="Order" solution="msdynce_Sales (9.0.4.0076)">
          <package appName="msdynce_Sales" version="9.0.24114.10004">msdynce_SalesAnchor (9.0.24114.10004)</package>
        </Required>
        <Dependent type="60" displayName="Order" parentDisplayName="Order" id="{d598792c-3ff0-43f3-b3e3-bbd70b99e1a5}" />
      </MissingDependency>
      <MissingDependency>
        <Required type="2" schemaName="parentbundleidref" displayName="Parent bundle product" parentSchemaName="salesorderdetail" parentDisplayName="Order Product" solution="msdynce_SalesPatch (9.0.1904.3002)">
          <package appName="msdynce_Sales" version="9.0.24114.10004">msdynce_SalesAnchor (9.0.24114.10004)</package>
        </Required>
        <Dependent type="60" displayName="Order" parentDisplayName="Order" id="{d598792c-3ff0-43f3-b3e3-bbd70b99e1a5}" />
      </MissingDependency>
      <MissingDependency>
        <Required type="2" schemaName="parentbundleidref" displayName="Parent bundle product" parentSchemaName="salesorderdetail" parentDisplayName="Order Product" solution="msdynce_SalesPatch (9.0.1904.3002)">
          <package appName="msdynce_Sales" version="9.0.24114.10004">msdynce_SalesAnchor (9.0.24114.10004)</package>
        </Required>
        <Dependent type="60" displayName="Order Management" parentDisplayName="Order" id="{f68a90d6-f2db-ef11-8eea-000d3a69d6aa}" />
      </MissingDependency>
      <MissingDependency>
        <Required type="26" schemaName="All Orders" displayName="All Orders" parentSchemaName="salesorder" parentDisplayName="Order" solution="msdynce_Sales (9.0.4.0076)" id="{4b2438f6-4949-484b-a272-6f694a2b2fae}">
          <package appName="msdynce_Sales" version="9.0.24114.10004">msdynce_SalesAnchor (9.0.24114.10004)</package>
        </Required>
        <Dependent type="60" displayName="Orders Dashboard" parentDisplayName="Order" id="{d4f40772-073e-e711-80e1-00155d871bb4}" />
      </MissingDependency>
      <MissingDependency>
        <Required type="26" schemaName="Non Cancelled Orders" displayName="Non Cancelled Orders" parentSchemaName="salesorder" parentDisplayName="Order" solution="msdynce_Sales (9.0.4.0076)" id="{6428e515-565f-df11-ae90-00155d2e3002}">
          <package appName="msdynce_Sales" version="9.0.24114.10004">msdynce_SalesAnchor (9.0.24114.10004)</package>
        </Required>
        <Dependent type="60" displayName="Orders Dashboard" parentDisplayName="Order" id="{d4f40772-073e-e711-80e1-00155d871bb4}" />
      </MissingDependency>
      <MissingDependency>
        <Required type="26" schemaName="Order Product Inline Edit View: Bundle Products" displayName="Order Product Inline Edit View: Bundle Products" parentSchemaName="salesorderdetail" parentDisplayName="Order Product" solution="msdynce_SalesPatch (9.0.1904.3002)" id="{96a1c3d3-24a3-4541-a2b1-6bc37fe6631e}">
          <package appName="msdynce_Sales" version="9.0.24114.10004">msdynce_SalesAnchor (9.0.24114.10004)</package>
        </Required>
        <Dependent type="60" displayName="Order" parentDisplayName="Order" id="{d598792c-3ff0-43f3-b3e3-bbd70b99e1a5}" />
      </MissingDependency>
      <MissingDependency>
        <Required type="26" schemaName="Order Product Inline Edit View: Bundle Products" displayName="Order Product Inline Edit View: Bundle Products" parentSchemaName="salesorderdetail" parentDisplayName="Order Product" solution="msdynce_SalesPatch (9.0.1904.3002)" id="{96a1c3d3-24a3-4541-a2b1-6bc37fe6631e}">
          <package appName="msdynce_Sales" version="9.0.24114.10004">msdynce_SalesAnchor (9.0.24114.10004)</package>
        </Required>
        <Dependent type="60" displayName="Order Management" parentDisplayName="Order" id="{f68a90d6-f2db-ef11-8eea-000d3a69d6aa}" />
      </MissingDependency>
      <MissingDependency>
        <Required type="26" schemaName="Order Product Inline Edit View" displayName="Order Product Inline Edit View" parentSchemaName="salesorderdetail" parentDisplayName="Order Product" solution="msdynce_Sales (9.0.4.0076)" id="{9ac6a187-5fb8-445c-914a-3b4a33c0017e}">
          <package appName="msdynce_Sales" version="9.0.24114.10004">msdynce_SalesAnchor (9.0.24114.10004)</package>
        </Required>
        <Dependent type="60" displayName="Order" parentDisplayName="Order" id="{d598792c-3ff0-43f3-b3e3-bbd70b99e1a5}" />
      </MissingDependency>
      <MissingDependency>
        <Required type="26" schemaName="Order Product Inline Edit View" displayName="Order Product Inline Edit View" parentSchemaName="salesorderdetail" parentDisplayName="Order Product" solution="msdynce_Sales (9.0.4.0076)" id="{9ac6a187-5fb8-445c-914a-3b4a33c0017e}">
          <package appName="msdynce_Sales" version="9.0.24114.10004">msdynce_SalesAnchor (9.0.24114.10004)</package>
        </Required>
        <Dependent type="60" displayName="Order Management" parentDisplayName="Order" id="{f68a90d6-f2db-ef11-8eea-000d3a69d6aa}" />
      </MissingDependency>
      <MissingDependency>
        <Required type="26" schemaName="My Orders" displayName="My Orders" parentSchemaName="salesorder" parentDisplayName="Order" solution="msdynce_Sales (9.0.4.0076)" id="{bc29f750-12a0-4eb5-ac08-698ef528f921}">
          <package appName="msdynce_Sales" version="9.0.24114.10004">msdynce_SalesAnchor (9.0.24114.10004)</package>
        </Required>
        <Dependent type="60" displayName="Orders Dashboard" parentDisplayName="Order" id="{d4f40772-073e-e711-80e1-00155d871bb4}" />
      </MissingDependency>
      <MissingDependency>
        <Required type="26" schemaName="Active Orders" displayName="Active Orders" parentSchemaName="salesorder" parentDisplayName="Order" solution="msdynce_Sales (9.0.4.0076)" id="{e6f001df-303c-447b-b184-0f65cd00c3f9}">
          <package appName="msdynce_Sales" version="9.0.24114.10004">msdynce_SalesAnchor (9.0.24114.10004)</package>
        </Required>
        <Dependent type="60" displayName="Orders Dashboard" parentDisplayName="Order" id="{d4f40772-073e-e711-80e1-00155d871bb4}" />
      </MissingDependency>
      <MissingDependency>
        <Required type="59" schemaName="Orders by Status Reason" displayName="Orders by Status Reason" parentSchemaName="salesorder" parentDisplayName="Order" solution="msdynce_Sales (9.0.4.0076)" id="{1eb5c9ca-063e-e711-80e1-00155d871bb4}">
          <package appName="msdynce_Sales" version="9.0.24114.10004">msdynce_SalesAnchor (9.0.24114.10004)</package>
        </Required>
        <Dependent type="60" displayName="Orders Dashboard" parentDisplayName="Order" id="{d4f40772-073e-e711-80e1-00155d871bb4}" />
      </MissingDependency>
      <MissingDependency>
        <Required type="59" schemaName="Orders by Customer" displayName="Orders by Customer" parentSchemaName="salesorder" parentDisplayName="Order" solution="msdynce_Sales (9.0.4.0076)" id="{26842a29-063e-e711-80e1-00155d871bb4}">
          <package appName="msdynce_Sales" version="9.0.24114.10004">msdynce_SalesAnchor (9.0.24114.10004)</package>
        </Required>
        <Dependent type="60" displayName="Orders Dashboard" parentDisplayName="Order" id="{d4f40772-073e-e711-80e1-00155d871bb4}" />
      </MissingDependency>
      <MissingDependency>
        <Required type="59" schemaName="Orders by Pricelist" displayName="Orders by Pricelist" parentSchemaName="salesorder" parentDisplayName="Order" solution="msdynce_Sales (9.0.4.0076)" id="{36552794-063e-e711-80e1-00155d871bb4}">
          <package appName="msdynce_Sales" version="9.0.24114.10004">msdynce_SalesAnchor (9.0.24114.10004)</package>
        </Required>
        <Dependent type="60" displayName="Orders Dashboard" parentDisplayName="Order" id="{d4f40772-073e-e711-80e1-00155d871bb4}" />
      </MissingDependency>
      <MissingDependency>
        <Required type="59" schemaName="Orders by Owner" displayName="Orders by Owner" parentSchemaName="salesorder" parentDisplayName="Order" solution="msdynce_Sales (9.0.4.0076)" id="{4821c95e-063e-e711-80e1-00155d871bb4}">
          <package appName="msdynce_Sales" version="9.0.24114.10004">msdynce_SalesAnchor (9.0.24114.10004)</package>
        </Required>
        <Dependent type="60" displayName="Orders Dashboard" parentDisplayName="Order" id="{d4f40772-073e-e711-80e1-00155d871bb4}" />
      </MissingDependency>
      <MissingDependency>
        <Required type="60" displayName="Account Reference Panel" parentDisplayName="Account" solution="msdynce_AppCommon (9.0.4.0066)" id="{098ae145-1567-41ec-8398-86dbaac70c9b}">
          <package appName="msdynce_AppCommon" version="9.0.24123.10001">msdynce_AppCommonAnchor (9.0.24123.10001)</package>
        </Required>
        <Dependent type="60" displayName="Order Management" parentDisplayName="Order" id="{f68a90d6-f2db-ef11-8eea-000d3a69d6aa}" />
      </MissingDependency>
      <MissingDependency>
        <Required type="60" displayName="Information" parentDisplayName="Order" solution="msdynce_Sales (9.0.4.0076)" id="{22a3f7f7-2709-4bb4-bbca-754475938d68}">
          <package appName="msdynce_Sales" version="9.0.24114.10004">msdynce_SalesAnchor (9.0.24114.10004)</package>
        </Required>
        <Dependent type="60" displayName="Information" parentDisplayName="Order" id="{22a3f7f7-2709-4bb4-bbca-754475938d68}" />
      </MissingDependency>
      <MissingDependency>
        <Required type="60" displayName="Orders Dashboard" parentDisplayName="Order" solution="msdynce_Sales (9.0.4.0076)" id="{d4f40772-073e-e711-80e1-00155d871bb4}">
          <package appName="msdynce_Sales" version="9.0.24114.10004">msdynce_SalesAnchor (9.0.24114.10004)</package>
        </Required>
        <Dependent type="60" displayName="Orders Dashboard" parentDisplayName="Order" id="{d4f40772-073e-e711-80e1-00155d871bb4}" />
      </MissingDependency>
      <MissingDependency>
        <Required type="60" displayName="Order" parentDisplayName="Order" solution="msdynce_Sales (9.0.4.0076)" id="{d598792c-3ff0-43f3-b3e3-bbd70b99e1a5}">
          <package appName="msdynce_Sales" version="9.0.24114.10004">msdynce_SalesAnchor (9.0.24114.10004)</package>
        </Required>
        <Dependent type="60" displayName="Order" parentDisplayName="Order" id="{d598792c-3ff0-43f3-b3e3-bbd70b99e1a5}" />
      </MissingDependency>
      <MissingDependency>
        <Required type="60" displayName="Contact Reference Panel" parentDisplayName="Contact" solution="msdynce_AppCommon (9.0.4.0066)" id="{d880c3cf-80e2-42f3-82f9-24d040d09f17}">
          <package appName="msdynce_AppCommon" version="9.0.24123.10001">msdynce_AppCommonAnchor (9.0.24123.10001)</package>
        </Required>
        <Dependent type="60" displayName="Order Management" parentDisplayName="Order" id="{f68a90d6-f2db-ef11-8eea-000d3a69d6aa}" />
      </MissingDependency>
      <MissingDependency>
        <Required type="61" schemaName="msdyn_/ActivityFeeds.Form.js" displayName="msdyn_/ActivityFeeds.Form.js" solution="ActivityFeedsCore (9.0.0.0011)">
          <package appName="ActivityFeedsCore" version="9.0.0.0011">ActivityFeedsCore (9.0.0.0011)</package>
        </Required>
        <Dependent type="60" displayName="Information" parentDisplayName="Order" id="{22a3f7f7-2709-4bb4-bbca-754475938d68}" />
      </MissingDependency>
      <MissingDependency>
        <Required type="61" schemaName="msdyn_/Images/AppModule_Default_Icon.png" displayName="msdyn_/Images/AppModule_Default_Icon.png" solution="AppModuleWebResources (2.5)" />
        <Dependent type="80" schemaName="mara_OrderManagement" displayName="Order Management" />
      </MissingDependency>
      <MissingDependency>
        <Required type="61" schemaName="msdyn_/RecordWall.htm" displayName="msdyn_/RecordWall.htm" solution="ActivityFeedsCore (9.0.0.0011)">
          <package appName="ActivityFeedsCore" version="9.0.0.0011">ActivityFeedsCore (9.0.0.0011)</package>
        </Required>
        <Dependent type="60" displayName="Information" parentDisplayName="Order" id="{22a3f7f7-2709-4bb4-bbca-754475938d68}" />
      </MissingDependency>
      <MissingDependency>
        <Required type="61" schemaName="Sales/_static/sfa/invoice/InvoiceRibbonActions.js" displayName="Sales/_static/sfa/invoice/InvoiceRibbonActions.js" solution="msdynce_Sales (9.0.4.0076)">
          <package appName="msdynce_Sales" version="9.0.24114.10004">msdynce_SalesAnchor (9.0.24114.10004)</package>
        </Required>
        <Dependent type="60" displayName="Order" parentDisplayName="Order" id="{d598792c-3ff0-43f3-b3e3-bbd70b99e1a5}" />
      </MissingDependency>
      <MissingDependency>
        <Required type="61" schemaName="Sales/_static/sfa/invoice/InvoiceRibbonActions.js" displayName="Sales/_static/sfa/invoice/InvoiceRibbonActions.js" solution="msdynce_Sales (9.0.4.0076)">
          <package appName="msdynce_Sales" version="9.0.24114.10004">msdynce_SalesAnchor (9.0.24114.10004)</package>
        </Required>
        <Dependent type="60" displayName="Order Management" parentDisplayName="Order" id="{f68a90d6-f2db-ef11-8eea-000d3a69d6aa}" />
      </MissingDependency>
      <MissingDependency>
        <Required type="61" schemaName="Sales/SalesOrder/SalesOrder_main_system_library.js" displayName="Sales/SalesOrder/SalesOrder_main_system_library.js" solution="msdynce_Sales (9.0.4.0076)">
          <package appName="msdynce_Sales" version="9.0.24114.10004">msdynce_SalesAnchor (9.0.24114.10004)</package>
        </Required>
        <Dependent type="60" displayName="Information" parentDisplayName="Order" id="{22a3f7f7-2709-4bb4-bbca-754475938d68}" />
      </MissingDependency>
      <MissingDependency>
        <Required type="61" schemaName="Sales/SalesOrder/SalesOrder_main_system_library.js" displayName="Sales/SalesOrder/SalesOrder_main_system_library.js" solution="msdynce_Sales (9.0.4.0076)">
          <package appName="msdynce_Sales" version="9.0.24114.10004">msdynce_SalesAnchor (9.0.24114.10004)</package>
        </Required>
        <Dependent type="60" displayName="Order Management" parentDisplayName="Order" id="{f68a90d6-f2db-ef11-8eea-000d3a69d6aa}" />
      </MissingDependency>
      <MissingDependency>
        <Required type="66" schemaName="MscrmControls.Grid.GridControl" displayName="MscrmControls.Grid.GridControl" solution="BaseCustomControlsCore (9.0.2412.3009)">
          <package appName="Base Custom Controls" version="9.0.2412.3009">BaseCustomControlsCore (9.0.2412.3009)</package>
        </Required>
        <Dependent type="60" displayName="Order" parentDisplayName="Order" id="{d598792c-3ff0-43f3-b3e3-bbd70b99e1a5}" />
      </MissingDependency>
      <MissingDependency>
        <Required type="66" schemaName="MscrmControls.Grid.GridControl" displayName="MscrmControls.Grid.GridControl" solution="BaseCustomControlsCore (9.0.2412.3009)">
          <package appName="Base Custom Controls" version="9.0.2412.3009">BaseCustomControlsCore (9.0.2412.3009)</package>
        </Required>
        <Dependent type="60" displayName="Order Management" parentDisplayName="Order" id="{f68a90d6-f2db-ef11-8eea-000d3a69d6aa}" />
      </MissingDependency>
      <MissingDependency>
        <Required type="SettingDefinition" displayName="AppChannel" solution="msdyn_AppFrameworkInfraExtensions (1.0.0.12)" id.uniquename="AppChannel">
          <package appName="PowerAppsAppFramework Package" version="1.0.0.16">PowerAppsAppFramework_Anchor (1.0.0.16)</package>
        </Required>
        <Dependent type="AppSetting" displayName="parentappmoduleid.uniquename=mara_OrderManagement,settingdefinitionid.uniquename=AppChannel" id.parentappmoduleid.uniquename="mara_OrderManagement" id.settingdefinitionid.uniquename="AppChannel" />
      </MissingDependency>
    </MissingDependencies>
  </SolutionManifest>
</ImportExportXml>