{
  "properties": {
    "connectionReferences": {
      "shared_commondataserviceforapps": {
        "runtimeSource": "embedded",
        "connection": {
          "connectionReferenceLogicalName": "rmb_sharedcommondataserviceforapps_b0806"
        },
        "api": {
          "name": "shared_commondataserviceforapps"
        }
      }
    },
    "definition": {
      "$schema": "https://schema.management.azure.com/providers/Microsoft.Logic/schemas/2016-06-01/workflowdefinition.json#",
      "contentVersion": "1.0.0.0",
      "parameters": {
        "$connections": {
          "defaultValue": {},
          "type": "Object"
        },
        "$authentication": {
          "defaultValue": {},
          "type": "SecureObject"
        }
      },
      "triggers": {
        "When_a_row_is_added,_modified_or_deleted": {
          "metadata": {
            "operationMetadataId": "f24dc0e0-d34c-4094-9ee5-34082f59b328"
          },
          "type": "OpenApiConnectionWebhook",
          "inputs": {
            "host": {
              "connectionName": "shared_commondataserviceforapps",
              "operationId": "SubscribeWebhookTrigger",
              "apiId": "/providers/Microsoft.PowerApps/apis/shared_commondataserviceforapps"
            },
            "parameters": {
              "subscriptionRequest/message": 1,
              "subscriptionRequest/entityname": "salesorder",
              "subscriptionRequest/scope": 4
            },
            "authentication": "@parameters('$authentication')"
          }
        }
      },
      "actions": {
        "Add_a_new_row": {
          "runAfter": {},
          "metadata": {
            "operationMetadataId": "df389de0-c22e-4a5b-a03a-20d4bebdb831"
          },
          "type": "OpenApiConnection",
          "inputs": {
            "host": {
              "connectionName": "shared_commondataserviceforapps",
              "operationId": "CreateRecord",
              "apiId": "/providers/Microsoft.PowerApps/apis/shared_commondataserviceforapps"
            },
            "parameters": {
              "entityName": "appnotifications",
              "item/title": "New Order Notification",
              "item/body": "Click to view order details @{triggerOutputs()?['body/ordernumber']}",
              "item/data": "{\n  \"actions\": [\n    {\n      \"data\": {\n        \"url\": \"?pagetype=entityrecord&etn=salesorder&id=@{triggerOutputs()?['body/salesorderid']}&formid=d598792c-3ff0-43f3-b3e3-bbd70b99e1a5\",\n        \"navigationTarget\": \"dialog\"\n      },\n      \"title\": \"View Record\"\n    }\n  ]\n}",
              "item/ttlinseconds": 1209600,
              "item/icontype": 100000001,
              "item/ownerid@odata.bind": "/systemusers(@{triggerOutputs()?['body/_ownerid_value']})",
              "item/priority": 200000001,
              "item/toasttype": 200000000
            },
            "authentication": "@parameters('$authentication')"
          }
        }
      }
    },
    "templateName": ""
  },
  "schemaVersion": "1.0.0.0"
}